intern_id,course_id,rating
1,C003,5
1,C016,2
1,C006,4
1,C020,3
1,C004,2
1,C014,3
1,C024,1
1,C021,3
1,C009,4
1,C018,2
1,C007,3
1,C005,5
1,C026,5
1,C013,4
1,C028,5
2,C028,4
2,C011,5
2,C002,5
2,C015,2
2,C014,2
2,C012,5
2,C022,5
2,C024,5
2,C027,5
2,C005,5
2,C006,2
2,C019,5
2,C017,4
3,C011,4
3,C029,5
3,C024,5
3,C004,2
3,C012,1
3,C020,5
3,C030,5
3,C008,2
3,C023,3
4,C004,4
4,C002,5
4,C019,3
4,C029,5
4,C030,2
4,C028,3
4,C003,5
4,C020,4
4,C011,2
5,C019,4
5,C026,5
5,C027,5
5,C014,3
5,C030,5
5,C012,5
5,C006,1
5,C018,2
5,C007,5
5,C004,5
5,C023,2
5,C003,4
5,C028,4
5,C005,3
6,C009,2
6,C030,4
6,C021,5
6,C008,2
6,C019,2
6,C014,4
6,C011,5
6,C023,3
6,C001,4
6,C027,4
6,C018,4
6,C017,4
6,C025,4
6,C007,5
6,C024,3
7,C016,4
7,C022,1
7,C029,2
7,C003,4
7,C019,1
7,C020,5
7,C012,5
7,C005,2
7,C004,3
7,C024,2
8,C016,5
8,C008,5
8,C001,5
8,C009,4
8,C025,1
8,C010,3
8,C020,1
8,C004,3
8,C021,1
8,C013,5
8,C005,5
8,C014,1
8,C029,5
8,C006,5
8,C027,5
9,C007,3
9,C016,3
9,C021,2
9,C010,4
9,C013,3
9,C028,5
9,C005,2
9,C026,5
9,C008,5
9,C012,2
10,C020,5
10,C007,5
10,C010,3
10,C024,4
10,C015,3
10,C013,3
10,C006,2
10,C026,2
10,C017,4
11,C009,5
11,C016,5
11,C030,3
11,C025,2
11,C019,5
11,C020,4
11,C012,5
11,C022,4
11,C006,5
12,C027,4
12,C019,3
12,C004,5
12,C012,3
12,C022,5
12,C003,2
12,C018,5
12,C024,5
12,C011,5
12,C002,3
13,C011,3
13,C004,2
13,C022,5
13,C023,2
13,C003,3
13,C012,2
13,C001,5
13,C026,5
13,C020,3
13,C014,4
13,C017,4
13,C009,5
14,C014,1
14,C024,4
14,C005,5
14,C027,2
14,C007,3
14,C028,4
14,C020,5
14,C002,3
14,C012,4
14,C023,1
14,C006,3
14,C010,5
14,C003,5
14,C029,2
14,C001,5
15,C011,4
15,C020,4
15,C026,4
15,C001,4
15,C029,5
15,C022,3
15,C025,2
15,C028,5
15,C014,2
15,C006,4
16,C013,1
16,C009,5
16,C003,3
16,C026,4
16,C017,5
16,C022,1
16,C002,4
16,C006,4
16,C011,2
16,C014,5
16,C021,1
17,C023,5
17,C026,4
17,C018,4
17,C030,4
17,C007,3
17,C010,2
17,C002,5
17,C022,3
17,C029,5
17,C008,4
17,C017,3
17,C013,5
17,C011,2
17,C003,2
17,C028,5
18,C012,1
18,C020,5
18,C008,2
18,C002,3
18,C011,4
18,C003,1
18,C005,1
18,C025,5
18,C029,5
18,C010,2
18,C016,2
18,C009,2
18,C004,3
18,C021,4
18,C018,5
19,C007,3
19,C008,3
19,C001,4
19,C027,2
19,C018,3
19,C028,5
19,C023,3
19,C002,5
19,C020,2
19,C029,2
19,C019,2
19,C004,3
20,C026,5
20,C012,5
20,C017,1
20,C021,4
20,C001,5
20,C007,3
20,C028,5
20,C025,1
20,C023,3
20,C002,4
20,C027,4
21,C021,1
21,C015,2
21,C007,5
21,C027,4
21,C009,2
21,C024,5
21,C011,2
21,C003,4
21,C020,5
21,C023,3
21,C029,3
21,C008,2
21,C004,2
21,C010,3
22,C007,5
22,C011,1
22,C008,4
22,C022,2
22,C017,4
22,C005,3
22,C004,3
22,C010,3
22,C002,3
22,C001,5
22,C014,2
23,C016,1
23,C021,5
23,C007,3
23,C004,4
23,C005,4
23,C019,2
23,C017,4
23,C024,2
23,C006,5
23,C028,4
23,C008,5
23,C015,5
23,C013,2
23,C030,2
24,C022,3
24,C009,3
24,C023,3
24,C018,4
24,C002,3
24,C020,1
24,C004,3
24,C025,2
24,C007,2
24,C024,3
24,C030,5
24,C027,5
24,C012,5
24,C021,1
25,C007,5
25,C024,5
25,C006,3
25,C023,2
25,C013,3
25,C019,3
25,C029,4
25,C012,1
25,C001,1
26,C030,1
26,C021,5
26,C009,5
26,C018,2
26,C001,5
26,C028,5
26,C015,2
26,C027,2
26,C023,3
26,C022,4
26,C004,5
26,C010,5
27,C024,3
27,C004,2
27,C009,5
27,C010,3
27,C012,5
27,C019,1
27,C015,5
27,C017,3
27,C003,4
27,C016,3
27,C018,5
27,C006,5
27,C027,4
27,C008,5
27,C020,3
28,C017,5
28,C027,5
28,C021,5
28,C010,2
28,C030,5
28,C001,2
28,C025,5
28,C015,3
28,C012,3
29,C010,4
29,C014,4
29,C007,4
29,C021,5
29,C024,3
29,C003,4
29,C017,2
29,C012,5
29,C009,2
29,C004,3
29,C019,4
30,C015,5
30,C010,5
30,C014,5
30,C005,4
30,C011,5
30,C027,4
30,C012,4
30,C020,3
31,C012,3
31,C023,2
31,C028,5
31,C016,5
31,C004,4
31,C010,4
31,C019,2
31,C002,5
31,C009,2
31,C006,5
31,C013,4
31,C022,3
31,C030,1
31,C011,1
32,C026,2
32,C001,4
32,C022,4
32,C025,5
32,C012,2
32,C019,4
32,C013,2
32,C024,4
32,C016,2
32,C007,5
32,C010,5
33,C025,2
33,C011,2
33,C002,4
33,C014,2
33,C004,2
33,C007,2
33,C019,4
33,C012,2
33,C020,5
33,C003,3
33,C017,4
33,C008,5
33,C024,2
33,C026,3
33,C029,2
34,C015,3
34,C025,3
34,C019,1
34,C029,3
34,C023,5
34,C003,3
34,C010,4
34,C013,4
34,C020,5
34,C017,1
34,C011,4
34,C016,2
34,C026,4
34,C014,3
34,C007,2
35,C029,1
35,C011,5
35,C022,1
35,C003,3
35,C010,5
35,C015,5
35,C007,1
35,C004,5
35,C023,5
35,C021,5
35,C026,3
36,C019,4
36,C014,4
36,C022,5
36,C029,5
36,C021,5
36,C002,1
36,C016,2
36,C015,2
36,C003,5
36,C010,4
36,C026,3
37,C010,5
37,C013,5
37,C006,4
37,C001,5
37,C015,4
37,C022,5
37,C004,2
37,C005,2
37,C028,5
37,C009,3
37,C030,5
37,C011,5
38,C003,3
38,C010,5
38,C029,1
38,C015,2
38,C012,5
38,C014,3
38,C018,2
38,C001,4
38,C016,4
38,C027,3
38,C004,1
38,C002,5
39,C008,4
39,C004,4
39,C017,1
39,C029,5
39,C013,2
39,C030,5
39,C024,1
39,C010,4
39,C025,4
39,C006,3
39,C028,5
39,C015,5
39,C021,5
39,C014,3
40,C005,3
40,C008,4
40,C029,2
40,C015,3
40,C030,3
40,C009,5
40,C002,4
40,C020,5
41,C024,3
41,C004,2
41,C016,4
41,C030,2
41,C023,5
41,C019,5
41,C010,4
41,C003,3
41,C018,4
41,C028,4
41,C006,5
41,C025,3
42,C002,5
42,C022,4
42,C014,4
42,C019,3
42,C007,4
42,C012,2
42,C018,3
42,C010,2
42,C008,3
42,C005,5
43,C004,4
43,C021,4
43,C018,3
43,C008,1
43,C013,5
43,C005,5
43,C015,5
43,C027,2
43,C016,3
43,C022,5
43,C020,1
43,C024,5
44,C005,5
44,C014,2
44,C022,1
44,C024,2
44,C028,1
44,C009,5
44,C012,1
44,C025,4
44,C021,2
44,C003,5
45,C016,2
45,C018,3
45,C015,1
45,C010,3
45,C019,4
45,C027,5
45,C009,2
45,C001,3
45,C030,4
45,C017,4
45,C026,4
45,C025,5
45,C008,4
46,C015,3
46,C027,1
46,C004,4
46,C005,3
46,C022,3
46,C021,5
46,C010,5
46,C019,2
46,C023,5
46,C026,3
46,C003,3
46,C014,3
46,C009,5
46,C016,5
46,C008,3
47,C019,1
47,C017,3
47,C006,5
47,C007,5
47,C009,5
47,C004,4
47,C020,3
47,C015,1
47,C026,4
47,C023,5
47,C010,5
47,C028,4
47,C022,5
47,C001,2
48,C012,1
48,C013,2
48,C011,1
48,C023,2
48,C026,2
48,C004,3
48,C027,4
48,C024,4
48,C007,4
48,C019,5
48,C010,5
48,C008,5
48,C009,5
49,C008,3
49,C009,2
49,C003,4
49,C024,5
49,C013,5
49,C027,5
49,C002,5
49,C030,2
49,C019,5
49,C007,1
50,C006,2
50,C003,3
50,C017,1
50,C020,3
50,C023,5
50,C012,5
50,C007,2
50,C001,2
50,C024,3
50,C018,5
50,C027,5
50,C016,1
50,C014,5
50,C028,3
50,C021,3
51,C006,2
51,C027,3
51,C023,4
51,C017,3
51,C019,2
51,C004,5
51,C021,5
51,C013,4
51,C024,2
51,C005,5
51,C030,2
51,C002,4
52,C028,5
52,C026,5
52,C027,5
52,C012,1
52,C015,2
52,C019,1
52,C022,1
52,C021,5
53,C020,5
53,C030,5
53,C016,5
53,C008,3
53,C017,2
53,C010,5
53,C014,2
53,C029,3
53,C004,4
54,C002,5
54,C022,3
54,C023,4
54,C024,2
54,C008,5
54,C013,5
54,C027,4
54,C029,1
54,C018,3
55,C001,4
55,C013,2
55,C027,5
55,C008,1
55,C030,5
55,C003,3
55,C029,4
55,C007,5
55,C002,2
55,C006,1
55,C005,3
55,C021,1
55,C019,3
55,C012,4
55,C026,4
56,C018,4
56,C003,2
56,C019,1
56,C009,4
56,C027,2
56,C006,4
56,C011,3
56,C013,3
56,C029,4
56,C012,2
56,C022,5
56,C016,5
56,C014,2
56,C030,4
57,C008,4
57,C017,1
57,C018,5
57,C009,4
57,C014,5
57,C016,2
57,C005,5
57,C001,4
57,C004,5
57,C026,2
57,C011,4
58,C023,2
58,C011,2
58,C009,3
58,C024,3
58,C022,5
58,C027,2
58,C002,5
58,C030,2
58,C028,2
58,C006,3
58,C018,3
58,C015,2
58,C010,3
58,C017,1
58,C012,3
59,C007,1
59,C028,5
59,C010,4
59,C020,5
59,C006,4
59,C012,4
59,C029,1
59,C030,2
59,C018,5
59,C019,2
59,C027,5
60,C012,3
60,C021,2
60,C008,4
60,C022,3
60,C016,5
60,C029,5
60,C024,2
60,C001,5
60,C020,4
61,C006,5
61,C013,5
61,C030,4
61,C029,1
61,C024,5
61,C022,3
61,C012,5
61,C025,4
61,C007,4
61,C026,1
61,C027,5
61,C015,3
61,C014,5
61,C019,5
62,C024,5
62,C009,3
62,C007,4
62,C029,1
62,C008,5
62,C028,3
62,C011,2
62,C017,5
62,C014,1
62,C001,3
62,C015,2
62,C018,5
62,C013,2
62,C016,5
62,C002,4
63,C005,4
63,C001,5
63,C021,1
63,C002,5
63,C029,2
63,C012,5
63,C015,4
63,C016,4
63,C014,4
63,C013,2
63,C020,4
63,C010,1
64,C010,4
64,C004,5
64,C028,1
64,C012,4
64,C027,4
64,C020,2
64,C025,5
64,C022,4
64,C021,5
64,C016,4
64,C008,5
64,C023,3
65,C020,5
65,C011,1
65,C001,3
65,C008,2
65,C022,4
65,C027,4
65,C030,5
65,C002,5
65,C005,5
65,C009,4
66,C021,5
66,C028,5
66,C007,1
66,C011,2
66,C004,1
66,C017,2
66,C026,5
66,C024,5
66,C010,1
67,C030,5
67,C020,4
67,C027,3
67,C007,3
67,C028,3
67,C009,5
67,C003,3
67,C013,1
68,C021,2
68,C010,2
68,C017,5
68,C011,5
68,C016,2
68,C006,5
68,C029,1
68,C014,3
68,C015,4
68,C024,3
68,C001,3
68,C009,4
68,C018,5
68,C020,5
69,C014,5
69,C013,5
69,C002,1
69,C010,4
69,C025,2
69,C005,5
69,C027,5
69,C007,5
69,C017,5
69,C016,3
70,C005,5
70,C003,5
70,C017,4
70,C018,5
70,C024,4
70,C011,2
70,C015,4
70,C013,5
70,C027,2
70,C007,5
70,C028,1
70,C030,1
71,C023,5
71,C007,3
71,C013,2
71,C011,1
71,C004,2
71,C006,3
71,C017,2
71,C030,5
71,C010,4
71,C005,2
71,C026,3
71,C002,5
72,C018,5
72,C030,2
72,C001,5
72,C022,5
72,C014,5
72,C028,4
72,C016,2
72,C008,5
72,C023,2
72,C024,5
73,C020,5
73,C012,5
73,C024,2
73,C025,4
73,C014,5
73,C019,5
73,C018,5
73,C017,4
73,C007,4
73,C013,3
73,C006,2
73,C008,5
73,C022,1
73,C023,4
73,C016,3
74,C017,4
74,C027,2
74,C004,3
74,C002,3
74,C006,4
74,C016,5
74,C022,3
74,C025,4
74,C014,3
74,C020,5
74,C007,4
74,C029,3
74,C030,1
74,C024,4
75,C017,5
75,C003,5
75,C024,4
75,C026,5
75,C010,1
75,C006,5
75,C001,4
75,C002,4
76,C023,5
76,C027,5
76,C010,2
76,C003,4
76,C009,3
76,C001,3
76,C028,4
76,C029,2
76,C020,2
76,C005,5
76,C019,2
77,C021,5
77,C006,3
77,C007,2
77,C027,5
77,C010,5
77,C019,4
77,C001,3
77,C016,1
77,C025,5
77,C020,4
77,C029,3
77,C013,2
77,C014,2
77,C018,5
77,C028,5
78,C010,2
78,C016,4
78,C021,5
78,C023,2
78,C027,5
78,C020,4
78,C002,4
78,C001,4
78,C022,2
78,C026,5
78,C014,5
78,C006,5
78,C015,3
78,C009,5
79,C026,3
79,C008,5
79,C002,5
79,C025,5
79,C017,4
79,C024,2
79,C009,5
79,C030,1
79,C006,5
80,C004,1
80,C017,2
80,C016,5
80,C024,5
80,C014,3
80,C003,4
80,C022,4
80,C028,5
80,C015,5
80,C020,1
80,C027,5
80,C023,5
80,C002,4
80,C018,4
81,C015,3
81,C022,5
81,C011,4
81,C013,2
81,C021,5
81,C009,5
81,C025,2
81,C027,2
81,C018,5
82,C008,2
82,C020,5
82,C026,2
82,C018,4
82,C024,2
82,C012,3
82,C028,5
82,C005,5
82,C019,5
82,C025,3
82,C015,4
83,C006,5
83,C011,5
83,C023,5
83,C001,4
83,C019,4
83,C014,5
83,C017,2
83,C018,4
83,C007,4
83,C009,3
83,C029,4
83,C005,5
83,C024,4
84,C002,5
84,C022,5
84,C017,5
84,C013,1
84,C004,4
84,C011,5
84,C007,5
84,C012,3
84,C006,2
84,C014,4
84,C023,2
84,C024,4
84,C010,3
85,C008,4
85,C022,2
85,C007,1
85,C017,5
85,C003,5
85,C002,5
85,C006,5
85,C021,4
85,C028,5
86,C010,5
86,C001,3
86,C009,2
86,C027,3
86,C007,2
86,C023,2
86,C028,2
86,C024,5
86,C026,4
86,C013,5
86,C022,3
87,C013,5
87,C023,3
87,C020,5
87,C007,2
87,C024,5
87,C014,5
87,C015,5
87,C010,2
87,C028,5
87,C006,2
87,C008,1
87,C016,2
87,C022,3
87,C019,5
88,C025,1
88,C002,4
88,C007,5
88,C021,2
88,C018,4
88,C015,2
88,C013,5
88,C012,5
88,C027,4
89,C005,5
89,C019,4
89,C004,3
89,C011,3
89,C021,4
89,C024,4
89,C030,3
89,C023,3
90,C014,5
90,C002,5
90,C017,4
90,C015,5
90,C028,3
90,C006,3
90,C013,4
90,C004,4
90,C023,4
90,C009,5
90,C011,5
91,C023,3
91,C021,2
91,C004,4
91,C016,2
91,C010,5
91,C017,5
91,C019,5
91,C001,3
91,C009,1
91,C027,3
91,C020,3
92,C006,4
92,C004,4
92,C016,2
92,C005,3
92,C024,4
92,C025,3
92,C023,5
92,C020,5
92,C018,2
92,C001,1
92,C014,2
92,C030,5
93,C027,3
93,C022,3
93,C010,4
93,C026,3
93,C020,2
93,C014,3
93,C025,4
93,C002,5
93,C005,5
93,C009,3
93,C011,4
93,C021,5
93,C012,4
93,C015,5
93,C024,2
94,C004,5
94,C012,1
94,C023,4
94,C022,2
94,C030,2
94,C016,1
94,C018,2
94,C019,1
94,C021,5
94,C017,1
94,C008,5
94,C007,3
95,C030,1
95,C014,5
95,C026,1
95,C016,3
95,C017,1
95,C022,5
95,C023,4
95,C013,4
96,C002,3
96,C023,3
96,C024,4
96,C018,1
96,C001,5
96,C014,3
96,C005,5
96,C011,5
96,C030,3
96,C025,5
96,C009,4
96,C029,4
96,C028,4
96,C008,5
97,C010,3
97,C007,1
97,C017,3
97,C006,2
97,C008,4
97,C023,4
97,C002,5
97,C029,4
97,C022,5
97,C027,5
98,C025,4
98,C003,1
98,C004,4
98,C015,5
98,C001,5
98,C022,4
98,C024,1
98,C017,2
98,C002,2
98,C027,3
98,C013,5
98,C018,5
98,C011,4
98,C028,1
99,C009,4
99,C019,4
99,C005,4
99,C007,2
99,C027,2
99,C020,4
99,C030,1
99,C017,3
100,C027,1
100,C011,4
100,C026,4
100,C006,5
100,C004,2
100,C001,4
100,C008,5
100,C007,4
100,C018,2
100,C015,4
100,C017,2
100,C030,5
100,C025,5
100,C020,1
101,C028,3
101,C027,4
101,C008,3
101,C001,4
101,C017,2
101,C018,3
101,C012,5
101,C010,1
101,C016,5
101,C013,2
101,C023,4
101,C019,1
101,C022,5
102,C016,5
102,C028,1
102,C005,5
102,C024,5
102,C013,1
102,C008,4
102,C011,3
102,C009,3
102,C010,4
103,C023,2
103,C003,3
103,C009,3
103,C029,4
103,C017,5
103,C002,5
103,C019,4
103,C020,2
104,C017,3
104,C026,4
104,C001,5
104,C018,3
104,C029,3
104,C027,4
104,C011,1
104,C025,5
104,C003,4
104,C023,4
104,C019,4
105,C008,4
105,C017,3
105,C030,4
105,C012,2
105,C029,5
105,C015,5
105,C028,5
105,C006,5
106,C001,5
106,C006,5
106,C021,3
106,C012,3
106,C002,4
106,C024,4
106,C023,4
106,C014,3
106,C017,1
106,C018,2
106,C016,3
106,C020,2
106,C004,4
106,C011,5
106,C008,2
107,C019,5
107,C018,5
107,C022,4
107,C021,5
107,C030,3
107,C011,5
107,C023,2
107,C013,5
107,C007,5
107,C028,5
107,C001,1
107,C003,2
107,C024,1
108,C007,2
108,C015,4
108,C005,3
108,C022,5
108,C027,4
108,C025,4
108,C008,5
108,C004,5
108,C018,5
108,C020,5
108,C029,3
108,C017,5
108,C026,3
109,C020,5
109,C002,1
109,C024,2
109,C019,2
109,C009,2
109,C014,4
109,C013,5
109,C004,5
109,C030,5
109,C016,5
109,C018,4
109,C028,5
109,C006,3
109,C025,1
110,C014,2
110,C017,5
110,C016,1
110,C013,4
110,C026,4
110,C001,4
110,C020,4
110,C028,2
110,C025,3
110,C012,5
110,C005,5
110,C024,2
110,C029,5
111,C024,5
111,C015,5
111,C001,5
111,C010,5
111,C022,3
111,C009,4
111,C013,1
111,C003,5
111,C016,1
111,C018,2
111,C028,3
111,C030,5
111,C023,2
112,C009,2
112,C028,3
112,C011,3
112,C002,3
112,C025,3
112,C003,5
112,C008,3
112,C030,5
112,C015,3
112,C014,5
112,C021,2
112,C017,3
113,C008,1
113,C004,5
113,C017,4
113,C020,4
113,C001,4
113,C027,1
113,C016,2
113,C029,3
113,C021,5
113,C023,4
113,C015,2
113,C026,1
113,C003,5
114,C013,4
114,C010,5
114,C012,1
114,C022,4
114,C007,5
114,C001,3
114,C025,2
114,C008,5
114,C002,1
114,C024,2
114,C005,5
114,C029,4
114,C020,4
114,C018,4
115,C006,2
115,C024,2
115,C029,2
115,C012,5
115,C025,3
115,C016,5
115,C015,5
115,C010,5
115,C020,3
115,C022,2
115,C005,5
115,C001,2
116,C025,5
116,C028,5
116,C021,2
116,C020,3
116,C016,5
116,C003,1
116,C004,2
116,C010,4
116,C007,2
116,C008,2
116,C012,4
117,C026,5
117,C017,4
117,C022,2
117,C019,5
117,C001,4
117,C030,5
117,C025,4
117,C007,3
117,C004,4
118,C020,5
118,C028,5
118,C012,4
118,C014,4
118,C023,4
118,C019,5
118,C025,4
118,C011,4
118,C005,4
118,C010,3
118,C006,1
119,C007,5
119,C010,3
119,C011,4
119,C021,3
119,C020,4
119,C026,3
119,C013,2
119,C027,4
119,C029,5
119,C028,5
120,C001,2
120,C004,2
120,C022,3
120,C019,3
120,C012,5
120,C029,5
120,C023,2
120,C015,5
120,C030,3
121,C018,4
121,C022,3
121,C029,4
121,C002,5
121,C009,3
121,C016,5
121,C010,5
121,C013,1
121,C007,2
121,C011,5
121,C008,5
121,C017,5
121,C001,5
122,C021,1
122,C007,4
122,C003,3
122,C001,2
122,C004,4
122,C005,4
122,C023,1
122,C008,1
123,C018,4
123,C013,5
123,C029,5
123,C021,1
123,C005,4
123,C009,1
123,C015,5
123,C011,5
123,C008,5
123,C016,4
123,C019,3
123,C017,1
123,C030,5
123,C023,1
123,C024,1
124,C007,5
124,C008,5
124,C002,5
124,C006,5
124,C021,5
124,C004,2
124,C018,5
124,C013,2
124,C001,3
124,C030,2
124,C029,3
124,C011,4
124,C016,2
124,C015,2
124,C003,3
125,C027,5
125,C020,5
125,C011,4
125,C024,3
125,C026,5
125,C004,2
125,C008,5
125,C013,4
125,C015,5
126,C027,3
126,C010,4
126,C018,4
126,C007,1
126,C020,1
126,C013,5
126,C024,5
126,C005,2
126,C029,5
126,C021,3
126,C008,4
126,C023,3
126,C016,1
127,C020,5
127,C002,5
127,C007,4
127,C026,3
127,C017,2
127,C023,3
127,C016,4
127,C029,2
127,C005,4
127,C019,2
127,C008,4
127,C012,1
127,C010,5
127,C027,1
127,C001,5
128,C004,3
128,C014,4
128,C002,4
128,C009,5
128,C015,3
128,C018,2
128,C003,5
128,C010,5
128,C025,5
128,C030,3
129,C024,4
129,C015,1
129,C009,1
129,C001,5
129,C005,5
129,C025,3
129,C011,2
129,C014,1
129,C017,4
129,C016,4
129,C020,4
129,C007,5
129,C003,5
129,C006,4
130,C009,5
130,C029,2
130,C010,2
130,C014,1
130,C011,4
130,C001,5
130,C003,5
130,C008,4
131,C009,4
131,C007,2
131,C016,2
131,C019,3
131,C012,4
131,C029,5
131,C005,5
131,C022,5
131,C025,3
131,C010,4
131,C003,5
131,C006,4
132,C007,5
132,C023,2
132,C025,5
132,C024,1
132,C016,5
132,C021,2
132,C028,3
132,C004,2
132,C003,4
133,C002,4
133,C010,5
133,C020,4
133,C011,2
133,C029,5
133,C003,5
133,C008,4
133,C021,3
133,C015,4
133,C016,3
133,C030,3
134,C029,2
134,C011,2
134,C017,3
134,C023,5
134,C019,5
134,C008,3
134,C001,4
134,C026,2
134,C030,5
135,C030,1
135,C028,2
135,C020,4
135,C029,5
135,C011,5
135,C017,3
135,C008,1
135,C022,5
135,C019,4
135,C018,4
135,C002,3
135,C003,1
135,C026,4
135,C025,1
135,C004,3
136,C004,5
136,C008,2
136,C024,5
136,C013,3
136,C001,5
136,C007,3
136,C026,4
136,C009,5
136,C022,4
136,C025,2
136,C018,5
137,C012,1
137,C004,5
137,C010,5
137,C025,5
137,C019,2
137,C024,1
137,C021,2
137,C009,2
137,C003,4
137,C017,3
137,C013,5
137,C015,2
138,C030,4
138,C015,3
138,C014,1
138,C017,5
138,C004,5
138,C028,3
138,C012,5
138,C023,3
138,C008,3
138,C020,1
138,C021,4
138,C006,2
138,C024,4
138,C027,4
139,C001,3
139,C022,3
139,C021,4
139,C018,5
139,C016,3
139,C029,4
139,C012,3
139,C019,4
139,C004,3
139,C002,3
139,C010,5
139,C026,4
139,C014,3
139,C024,3
140,C002,5
140,C004,5
140,C022,5
140,C024,5
140,C014,5
140,C027,4
140,C015,1
140,C026,5
140,C016,3
141,C009,1
141,C029,4
141,C013,5
141,C018,5
141,C028,5
141,C011,4
141,C005,4
141,C001,5
141,C021,1
141,C017,2
141,C023,1
141,C022,2
142,C023,3
142,C025,4
142,C020,1
142,C011,4
142,C022,4
142,C009,5
142,C026,5
142,C005,2
142,C018,2
142,C029,4
142,C027,5
142,C015,5
142,C001,4
143,C029,1
143,C015,5
143,C002,5
143,C007,3
143,C010,5
143,C022,4
143,C021,5
143,C005,4
143,C013,5
143,C006,4
144,C009,4
144,C028,2
144,C006,5
144,C030,4
144,C002,3
144,C015,3
144,C005,2
144,C027,3
144,C004,1
144,C014,2
145,C026,2
145,C002,4
145,C007,5
145,C022,3
145,C025,5
145,C009,4
145,C018,5
145,C006,4
145,C017,5
145,C010,5
145,C015,5
145,C019,2
145,C021,5
146,C014,3
146,C008,1
146,C024,3
146,C004,5
146,C012,2
146,C010,3
146,C016,3
146,C006,4
146,C021,1
146,C018,2
146,C025,3
146,C023,3
146,C027,2
146,C020,1
147,C017,2
147,C007,1
147,C015,4
147,C006,4
147,C014,5
147,C027,3
147,C010,5
147,C022,1
147,C016,4
147,C019,5
147,C003,4
147,C009,5
147,C025,3
148,C001,5
148,C015,1
148,C021,5
148,C024,2
148,C020,3
148,C011,4
148,C004,5
148,C023,5
148,C029,1
148,C030,5
149,C019,3
149,C001,5
149,C002,5
149,C021,3
149,C016,5
149,C006,5
149,C011,2
149,C005,3
149,C012,5
149,C014,1
149,C007,4
150,C021,1
150,C023,2
150,C002,3
150,C001,3
150,C024,3
150,C020,5
150,C016,5
150,C030,5
150,C022,1
150,C014,4
150,C011,1
150,C013,1
150,C027,1
150,C019,5
151,C027,4
151,C020,1
151,C001,3
151,C008,3
151,C010,5
151,C007,5
151,C021,1
151,C030,3
151,C018,5
151,C023,2
151,C002,3
152,C019,4
152,C014,3
152,C027,5
152,C018,5
152,C012,5
152,C006,5
152,C001,4
152,C023,5
152,C005,3
152,C025,5
152,C003,2
152,C013,5
152,C029,2
153,C020,2
153,C001,4
153,C018,2
153,C002,5
153,C013,3
153,C010,5
153,C029,5
153,C030,5
154,C018,1
154,C022,5
154,C016,3
154,C025,3
154,C013,3
154,C017,1
154,C011,2
154,C008,4
155,C020,2
155,C009,5
155,C005,5
155,C021,1
155,C002,4
155,C024,4
155,C029,4
155,C004,5
155,C011,5
155,C010,4
155,C008,2
155,C003,5
155,C007,4
155,C028,3
155,C018,2
156,C016,2
156,C012,5
156,C010,2
156,C011,4
156,C021,3
156,C025,1
156,C004,4
156,C005,4
157,C028,1
157,C024,2
157,C009,5
157,C015,4
157,C001,1
157,C029,4
157,C023,2
157,C019,5
158,C006,4
158,C025,3
158,C022,5
158,C014,5
158,C021,5
158,C009,5
158,C029,5
158,C002,5
158,C013,1
158,C018,5
159,C011,3
159,C017,3
159,C022,2
159,C026,1
159,C023,2
159,C021,5
159,C014,3
159,C005,5
160,C003,2
160,C006,5
160,C013,4
160,C029,1
160,C027,3
160,C009,4
160,C011,1
160,C010,5
161,C016,4
161,C028,1
161,C008,2
161,C003,4
161,C022,5
161,C006,5
161,C001,3
161,C007,1
161,C015,4
162,C007,4
162,C030,2
162,C027,3
162,C004,4
162,C028,5
162,C025,3
162,C019,1
162,C012,2
162,C029,5
162,C023,5
162,C022,5
162,C010,4
163,C015,2
163,C006,4
163,C029,5
163,C023,3
163,C030,5
163,C022,2
163,C010,2
163,C001,1
163,C026,4
163,C020,5
163,C008,4
163,C016,2
164,C001,5
164,C012,3
164,C010,1
164,C021,5
164,C006,5
164,C016,1
164,C004,5
164,C024,5
164,C019,5
164,C015,5
164,C022,2
164,C013,3
164,C029,5
164,C018,5
164,C009,5
165,C005,1
165,C009,4
165,C022,2
165,C024,1
165,C017,4
165,C003,3
165,C029,4
165,C015,2
165,C004,4
165,C018,2
165,C002,3
166,C030,1
166,C024,3
166,C019,2
166,C007,5
166,C028,2
166,C026,3
166,C015,1
166,C012,5
166,C018,5
166,C017,3
166,C011,5
166,C003,4
166,C009,5
166,C020,2
166,C016,4
167,C015,2
167,C025,4
167,C011,1
167,C026,1
167,C014,2
167,C006,3
167,C019,1
167,C005,1
167,C020,5
167,C023,4
167,C004,5
167,C003,5
167,C028,3
168,C018,1
168,C022,5
168,C015,1
168,C003,5
168,C030,3
168,C002,4
168,C007,5
168,C010,2
168,C008,4
168,C016,2
168,C019,2
168,C023,5
168,C004,4
168,C028,4
169,C024,4
169,C002,4
169,C011,5
169,C021,5
169,C020,5
169,C007,2
169,C009,4
169,C001,3
169,C017,2
169,C006,3
169,C029,3
169,C010,3
169,C023,2
170,C001,3
170,C017,4
170,C004,4
170,C016,4
170,C005,2
170,C003,5
170,C029,4
170,C026,5
170,C015,4
171,C008,3
171,C030,3
171,C002,3
171,C023,2
171,C007,4
171,C009,5
171,C015,4
171,C006,2
171,C025,3
171,C005,1
171,C003,1
171,C013,5
171,C014,5
171,C020,3
171,C021,2
172,C009,4
172,C017,3
172,C014,5
172,C002,5
172,C005,1
172,C023,5
172,C024,2
172,C029,5
172,C020,5
172,C003,4
172,C026,2
172,C022,3
172,C019,3
173,C010,2
173,C016,2
173,C027,4
173,C018,3
173,C025,2
173,C024,2
173,C028,4
173,C001,5
173,C029,2
173,C019,3
173,C020,2
173,C005,4
173,C008,2
173,C003,3
173,C015,5
174,C011,5
174,C003,2
174,C018,5
174,C004,4
174,C014,3
174,C006,3
174,C028,2
174,C013,3
174,C030,2
174,C008,4
174,C016,5
174,C012,1
174,C026,3
174,C007,4
175,C001,4
175,C012,5
175,C027,5
175,C029,2
175,C005,1
175,C004,5
175,C009,5
175,C013,4
175,C006,5
175,C002,5
176,C020,3
176,C014,4
176,C021,5
176,C011,3
176,C010,1
176,C016,4
176,C005,5
176,C008,4
176,C027,2
176,C028,1
176,C024,3
176,C026,5
176,C012,3
177,C029,5
177,C027,4
177,C008,4
177,C023,5
177,C022,5
177,C015,1
177,C021,4
177,C002,1
177,C012,4
177,C001,3
177,C004,5
177,C024,5
177,C018,4
177,C007,5
178,C005,3
178,C001,4
178,C021,5
178,C025,3
178,C016,4
178,C029,4
178,C026,2
178,C015,5
178,C027,2
178,C011,5
179,C029,2
179,C016,4
179,C011,3
179,C021,3
179,C012,5
179,C014,1
179,C004,1
179,C015,2
180,C019,2
180,C007,5
180,C013,3
180,C018,5
180,C020,2
180,C009,5
180,C015,2
180,C029,5
180,C028,3
180,C010,5
181,C018,4
181,C019,2
181,C023,3
181,C012,2
181,C013,4
181,C009,5
181,C003,3
181,C004,4
181,C017,5
181,C002,5
181,C028,5
182,C016,5
182,C025,5
182,C028,4
182,C018,4
182,C007,1
182,C021,2
182,C029,5
182,C019,3
182,C023,2
182,C005,4
182,C008,3
182,C014,3
182,C017,3
182,C030,5
182,C024,4
183,C021,1
183,C026,4
183,C019,2
183,C014,2
183,C010,3
183,C015,5
183,C028,1
183,C030,1
183,C002,1
183,C017,3
183,C016,2
183,C003,5
183,C004,3
183,C007,5
183,C020,5
184,C016,5
184,C021,3
184,C003,2
184,C015,5
184,C028,5
184,C018,3
184,C030,3
184,C005,3
184,C022,5
184,C010,5
184,C004,4
184,C029,5
184,C008,3
184,C002,2
184,C011,2
185,C025,4
185,C012,5
185,C008,1
185,C027,2
185,C015,3
185,C030,5
185,C019,3
185,C011,5
185,C014,3
185,C028,3
185,C003,5
185,C007,1
186,C013,5
186,C003,2
186,C007,4
186,C023,1
186,C001,3
186,C016,2
186,C008,3
186,C009,5
186,C005,3
187,C022,2
187,C025,5
187,C001,3
187,C013,5
187,C020,3
187,C007,5
187,C009,4
187,C004,5
187,C023,5
187,C012,4
187,C019,5
187,C006,4
187,C010,4
187,C024,5
187,C026,2
188,C006,5
188,C016,2
188,C018,2
188,C019,4
188,C027,5
188,C015,3
188,C025,1
188,C007,3
188,C005,3
188,C013,4
188,C028,3
188,C014,1
188,C017,3
188,C012,4
188,C024,1
189,C026,5
189,C006,2
189,C025,1
189,C005,3
189,C027,5
189,C003,5
189,C011,5
189,C024,5
189,C022,3
189,C010,5
190,C010,5
190,C030,1
190,C005,1
190,C023,1
190,C013,2
190,C025,1
190,C012,3
190,C027,1
190,C024,1
190,C019,1
190,C020,1
190,C018,1
191,C004,3
191,C015,3
191,C029,5
191,C016,3
191,C002,4
191,C013,4
191,C003,3
191,C018,5
191,C009,5
191,C008,3
191,C027,5
192,C022,4
192,C001,4
192,C016,5
192,C008,5
192,C023,4
192,C004,1
192,C012,4
192,C019,4
192,C021,5
192,C015,3
192,C020,5
192,C003,3
192,C029,2
192,C010,2
193,C017,4
193,C018,5
193,C016,5
193,C021,5
193,C001,3
193,C011,4
193,C007,5
193,C008,3
193,C020,5
194,C030,5
194,C021,5
194,C006,4
194,C002,5
194,C013,4
194,C009,1
194,C024,1
194,C017,4
194,C025,2
194,C026,4
195,C019,5
195,C014,4
195,C012,2
195,C004,3
195,C010,5
195,C022,2
195,C016,5
195,C003,4
195,C005,1
195,C023,5
195,C001,4
195,C030,2
195,C013,4
195,C015,5
196,C027,4
196,C005,3
196,C008,3
196,C010,5
196,C023,4
196,C025,5
196,C013,5
196,C011,4
196,C030,5
197,C014,5
197,C013,5
197,C027,5
197,C002,3
197,C005,5
197,C017,5
197,C025,5
197,C015,3
197,C009,5
198,C025,1
198,C017,5
198,C014,3
198,C026,3
198,C029,5
198,C010,1
198,C019,3
198,C027,5
199,C025,5
199,C003,2
199,C021,4
199,C016,4
199,C011,1
199,C027,4
199,C029,5
199,C010,5
199,C006,5
199,C028,2
199,C023,4
199,C019,4
199,C018,5
199,C024,5
200,C030,3
200,C028,4
200,C025,4
200,C009,5
200,C029,5
200,C001,2
200,C018,2
200,C011,5
200,C010,5
201,C005,3
201,C008,2
201,C020,3
201,C018,2
201,C015,2
201,C016,2
201,C022,4
201,C004,5
201,C006,3
201,C001,5
201,C019,1
202,C023,5
202,C009,5
202,C015,3
202,C002,2
202,C003,5
202,C019,3
202,C008,4
202,C001,1
203,C023,4
203,C028,3
203,C013,5
203,C022,2
203,C005,3
203,C011,1
203,C030,5
203,C027,3
204,C004,4
204,C001,3
204,C016,3
204,C014,4
204,C017,2
204,C011,3
204,C010,5
204,C026,4
204,C015,2
204,C023,1
204,C002,3
205,C027,2
205,C020,4
205,C014,5
205,C012,4
205,C028,2
205,C018,4
205,C008,5
205,C029,3
206,C006,5
206,C013,5
206,C028,1
206,C012,5
206,C025,2
206,C011,5
206,C008,3
206,C017,3
206,C019,1
207,C012,4
207,C026,2
207,C003,1
207,C006,1
207,C002,3
207,C004,3
207,C008,4
207,C029,3
207,C001,1
208,C006,5
208,C005,5
208,C004,4
208,C003,5
208,C013,4
208,C030,3
208,C018,5
208,C017,4
208,C010,5
208,C019,5
208,C016,2
208,C002,4
209,C009,5
209,C023,3
209,C029,3
209,C027,3
209,C026,3
209,C022,1
209,C008,5
209,C030,1
209,C012,5
209,C014,4
209,C002,2
209,C005,5
209,C015,1
210,C004,5
210,C025,5
210,C027,3
210,C018,4
210,C005,2
210,C030,3
210,C017,4
210,C006,1
210,C009,1
210,C012,1
210,C001,4
210,C008,4
211,C007,5
211,C023,5
211,C021,5
211,C012,5
211,C009,4
211,C003,2
211,C010,5
211,C013,1
211,C015,1
211,C019,4
211,C011,5
211,C025,2
211,C029,5
211,C006,5
212,C026,4
212,C002,4
212,C016,5
212,C014,2
212,C029,5
212,C015,2
212,C004,5
212,C027,4
212,C007,2
212,C001,4
212,C010,3
212,C019,5
213,C020,5
213,C011,5
213,C010,5
213,C028,1
213,C019,5
213,C004,5
213,C005,5
213,C017,4
213,C013,4
214,C001,5
214,C015,2
214,C013,1
214,C002,1
214,C014,3
214,C017,4
214,C019,2
214,C025,4
215,C001,5
215,C018,2
215,C010,2
215,C015,4
215,C017,3
215,C008,5
215,C009,5
215,C011,3
215,C020,2
215,C029,2
215,C028,1
215,C030,4
216,C020,5
216,C011,4
216,C007,3
216,C024,5
216,C006,1
216,C014,1
216,C003,5
216,C001,5
217,C009,3
217,C012,5
217,C027,2
217,C021,4
217,C016,3
217,C019,5
217,C024,2
217,C010,5
217,C025,5
217,C022,5
217,C029,3
217,C011,5
217,C003,2
218,C017,5
218,C016,1
218,C005,5
218,C012,4
218,C018,3
218,C022,3
218,C020,4
218,C004,3
218,C030,4
218,C029,3
218,C025,3
218,C010,4
218,C026,4
219,C016,3
219,C015,2
219,C020,5
219,C027,3
219,C017,4
219,C022,1
219,C004,1
219,C030,3
219,C025,1
219,C009,4
219,C012,1
219,C001,5
219,C008,5
219,C013,5
220,C010,3
220,C009,2
220,C024,3
220,C005,3
220,C021,3
220,C003,5
220,C002,3
220,C014,5
221,C012,2
221,C026,4
221,C006,4
221,C010,1
221,C029,3
221,C009,4
221,C011,5
221,C007,4
221,C004,3
221,C003,2
221,C024,2
221,C027,3
221,C028,2
221,C002,2
221,C021,5
222,C018,4
222,C029,1
222,C023,4
222,C010,2
222,C003,2
222,C028,1
222,C024,4
222,C025,5
222,C006,2
222,C017,5
222,C030,5
222,C022,5
222,C026,5
222,C001,5
223,C012,5
223,C020,3
223,C019,3
223,C013,5
223,C004,4
223,C030,2
223,C024,2
223,C014,5
223,C002,4
224,C012,1
224,C028,2
224,C018,4
224,C029,2
224,C008,5
224,C017,1
224,C023,2
224,C015,4
224,C027,2
224,C011,5
224,C009,2
224,C022,2
225,C026,2
225,C010,1
225,C006,4
225,C020,5
225,C024,5
225,C023,4
225,C009,3
225,C017,5
225,C007,1
225,C030,3
225,C013,1
225,C028,2
225,C022,1
226,C027,2
226,C025,5
226,C008,3
226,C004,2
226,C030,2
226,C011,5
226,C007,5
226,C006,5
226,C019,3
226,C013,4
226,C028,3
226,C001,2
226,C018,4
227,C021,5
227,C011,5
227,C012,5
227,C019,2
227,C005,5
227,C022,4
227,C008,2
227,C018,5
227,C006,4
227,C014,5
227,C027,2
227,C017,5
227,C016,2
228,C024,2
228,C022,4
228,C007,3
228,C011,1
228,C018,5
228,C016,5
228,C027,4
228,C019,2
228,C004,3
228,C017,3
228,C001,2
229,C026,2
229,C017,2
229,C012,5
229,C013,5
229,C008,5
229,C030,2
229,C014,3
229,C005,4
229,C018,2
229,C027,4
229,C002,3
229,C025,2
229,C003,1
230,C027,2
230,C029,2
230,C001,2
230,C028,1
230,C022,5
230,C013,2
230,C008,5
230,C019,3
230,C016,5
230,C006,2
230,C007,3
230,C026,3
230,C003,1
231,C026,5
231,C027,5
231,C006,5
231,C016,2
231,C024,5
231,C009,2
231,C020,5
231,C014,2
231,C018,4
231,C030,4
231,C001,5
232,C016,4
232,C007,5
232,C028,1
232,C021,2
232,C025,4
232,C022,3
232,C011,5
232,C001,5
232,C006,5
232,C004,3
232,C018,2
232,C027,5
232,C024,4
232,C012,2
232,C013,3
233,C009,4
233,C015,5
233,C021,2
233,C020,5
233,C006,3
233,C007,4
233,C017,3
233,C001,2
233,C018,2
233,C025,3
233,C019,2
233,C029,2
233,C030,3
233,C013,5
233,C024,5
234,C005,5
234,C026,2
234,C015,2
234,C021,2
234,C004,2
234,C018,5
234,C019,4
234,C009,4
234,C013,2
234,C012,1
234,C023,5
235,C017,5
235,C030,2
235,C016,2
235,C012,5
235,C005,1
235,C001,4
235,C010,3
235,C014,3
235,C021,2
235,C019,5
235,C028,2
235,C004,2
236,C003,2
236,C004,2
236,C015,2
236,C030,3
236,C008,5
236,C009,5
236,C029,2
236,C019,5
236,C012,5
236,C021,3
236,C002,2
236,C024,5
237,C001,2
237,C029,5
237,C022,5
237,C030,5
237,C014,3
237,C012,5
237,C026,3
237,C020,5
237,C025,2
237,C021,4
237,C009,5
237,C002,5
237,C008,4
237,C004,5
238,C030,5
238,C016,4
238,C011,5
238,C019,3
238,C029,2
238,C009,3
238,C023,2
238,C012,5
238,C028,5
238,C010,5
238,C017,3
238,C006,2
239,C024,4
239,C014,5
239,C026,1
239,C004,5
239,C001,5
239,C016,3
239,C028,4
239,C023,5
239,C018,5
239,C015,3
239,C003,4
239,C009,2
239,C029,1
239,C011,1
240,C010,2
240,C007,4
240,C012,3
240,C022,2
240,C004,3
240,C005,5
240,C018,5
240,C006,3
241,C001,5
241,C007,5
241,C021,3
241,C018,1
241,C025,2
241,C017,2
241,C015,2
241,C013,1
241,C006,5
241,C019,4
242,C008,3
242,C010,3
242,C014,2
242,C007,5
242,C021,3
242,C005,5
242,C028,5
242,C030,5
242,C015,4
242,C024,4
242,C020,5
242,C016,5
242,C026,1
243,C018,3
243,C011,3
243,C021,1
243,C024,5
243,C004,2
243,C014,2
243,C013,3
243,C016,1
243,C001,1
243,C010,5
243,C022,4
244,C030,3
244,C023,5
244,C008,4
244,C027,4
244,C025,5
244,C011,3
244,C004,2
244,C022,5
244,C020,4
244,C002,4
244,C012,3
244,C018,4
244,C016,4
244,C021,4
244,C026,2
245,C030,1
245,C017,5
245,C029,1
245,C024,5
245,C013,4
245,C005,2
245,C010,2
245,C027,4
245,C025,5
246,C014,2
246,C001,5
246,C024,4
246,C026,2
246,C007,2
246,C006,3
246,C029,2
246,C005,5
246,C004,4
246,C027,3
246,C012,1
246,C028,5
247,C006,3
247,C010,3
247,C012,5
247,C030,2
247,C025,3
247,C019,4
247,C016,5
247,C003,1
247,C028,5
247,C001,5
247,C020,3
247,C024,2
247,C027,5
247,C026,5
247,C005,2
248,C017,2
248,C029,4
248,C024,3
248,C020,1
248,C013,5
248,C014,5
248,C008,1
248,C027,5
249,C019,1
249,C026,3
249,C012,4
249,C016,2
249,C017,4
249,C009,3
249,C002,1
249,C025,4
249,C022,5
249,C001,5
249,C015,5
249,C020,2
249,C029,5
250,C026,5
250,C008,3
250,C021,1
250,C024,4
250,C022,5
250,C028,2
250,C001,1
250,C020,3
250,C009,5
250,C027,4
250,C013,1
250,C005,5
251,C002,5
251,C008,5
251,C030,4
251,C010,4
251,C020,2
251,C023,2
251,C017,5
251,C027,1
251,C019,3
251,C029,5
252,C027,5
252,C024,5
252,C007,1
252,C016,2
252,C025,5
252,C013,2
252,C001,4
252,C005,4
252,C012,1
252,C004,5
252,C018,2
252,C006,1
252,C028,1
252,C003,5
253,C009,4
253,C003,3
253,C022,4
253,C001,5
253,C017,4
253,C011,2
253,C018,2
253,C026,1
253,C025,5
253,C021,3
254,C008,5
254,C013,4
254,C029,5
254,C027,1
254,C002,5
254,C010,2
254,C025,4
254,C014,5
254,C017,3
254,C028,5
254,C015,2
255,C028,3
255,C010,2
255,C025,1
255,C024,2
255,C006,2
255,C027,3
255,C018,1
255,C029,4
256,C006,2
256,C008,5
256,C017,4
256,C005,5
256,C015,2
256,C024,5
256,C007,3
256,C026,3
256,C029,5
256,C021,2
257,C026,1
257,C017,4
257,C027,1
257,C008,5
257,C029,5
257,C010,1
257,C018,4
257,C007,4
257,C013,2
258,C025,2
258,C013,3
258,C011,1
258,C028,5
258,C015,2
258,C014,5
258,C004,4
258,C019,2
258,C029,3
259,C020,1
259,C012,3
259,C007,2
259,C022,5
259,C003,2
259,C009,4
259,C010,1
259,C011,3
260,C013,1
260,C003,1
260,C001,3
260,C020,2
260,C016,3
260,C004,5
260,C019,4
260,C029,5
260,C015,5
260,C005,5
260,C030,5
261,C008,4
261,C004,4
261,C001,5
261,C015,5
261,C029,3
261,C016,5
261,C021,2
261,C011,3
261,C017,2
261,C006,4
261,C009,4
261,C002,2
261,C010,5
261,C026,3
262,C006,4
262,C024,5
262,C023,5
262,C009,3
262,C015,4
262,C007,5
262,C011,4
262,C026,3
262,C025,5
262,C018,4
263,C026,5
263,C015,3
263,C016,3
263,C021,1
263,C025,1
263,C029,2
263,C008,4
263,C014,3
264,C008,5
264,C013,4
264,C024,5
264,C020,2
264,C012,2
264,C028,3
264,C016,5
264,C021,2
264,C015,4
264,C006,5
264,C030,2
264,C011,1
264,C009,4
264,C018,3
265,C028,3
265,C023,1
265,C018,1
265,C012,2
265,C010,2
265,C025,2
265,C011,3
265,C013,4
265,C016,1
265,C004,4
266,C020,5
266,C010,1
266,C009,5
266,C019,4
266,C025,5
266,C018,3
266,C028,3
266,C001,4
266,C027,5
266,C016,5
266,C014,5
266,C007,3
266,C012,3
267,C005,5
267,C008,4
267,C009,2
267,C017,5
267,C007,5
267,C015,4
267,C003,5
267,C002,3
267,C012,4
267,C020,2
267,C026,3
267,C021,4
267,C016,5
267,C001,3
267,C029,5
268,C013,1
268,C007,4
268,C022,1
268,C012,3
268,C021,1
268,C009,5
268,C017,4
268,C029,2
268,C028,2
268,C026,2
268,C018,5
268,C023,4
268,C005,5
269,C028,5
269,C004,5
269,C029,1
269,C012,4
269,C002,5
269,C022,4
269,C013,2
269,C006,5
270,C003,3
270,C010,3
270,C027,5
270,C005,5
270,C013,3
270,C007,5
270,C020,5
270,C030,3
270,C015,3
270,C017,4
270,C012,1
270,C001,1
270,C026,3
271,C026,2
271,C030,3
271,C029,4
271,C015,1
271,C002,5
271,C019,5
271,C007,1
271,C014,2
271,C008,4
271,C022,1
271,C027,2
272,C016,1
272,C030,3
272,C027,5
272,C029,4
272,C012,1
272,C018,5
272,C010,2
272,C003,3
272,C022,3
273,C011,3
273,C003,4
273,C001,2
273,C016,5
273,C025,4
273,C020,5
273,C022,5
273,C009,4
273,C024,1
274,C005,4
274,C011,5
274,C020,5
274,C027,4
274,C003,5
274,C010,5
274,C008,3
274,C001,3
274,C012,4
274,C021,1
274,C004,2
275,C002,2
275,C011,1
275,C029,3
275,C014,5
275,C018,1
275,C030,5
275,C027,2
275,C026,5
275,C015,3
276,C001,5
276,C028,5
276,C023,1
276,C020,2
276,C025,3
276,C026,2
276,C017,5
276,C009,2
276,C003,5
276,C007,3
276,C013,3
277,C021,5
277,C017,3
277,C013,3
277,C018,5
277,C012,4
277,C009,4
277,C003,1
277,C007,3
277,C028,2
277,C001,4
277,C006,5
277,C008,4
277,C020,3
278,C013,2
278,C030,4
278,C024,4
278,C002,3
278,C029,1
278,C015,5
278,C006,4
278,C025,5
278,C007,3
278,C012,5
279,C022,2
279,C030,5
279,C026,2
279,C011,5
279,C008,4
279,C019,4
279,C006,2
279,C016,2
279,C010,2
279,C024,5
279,C020,4
279,C012,5
279,C025,3
279,C029,5
279,C014,5
280,C021,2
280,C020,1
280,C005,2
280,C018,2
280,C017,3
280,C030,5
280,C014,4
280,C024,4
280,C016,1
280,C002,4
280,C010,4
280,C022,3
280,C011,3
280,C019,3
281,C009,5
281,C019,5
281,C016,2
281,C018,5
281,C012,5
281,C010,5
281,C025,2
281,C028,4
281,C008,1
281,C024,4
281,C002,4
281,C015,5
282,C007,5
282,C006,5
282,C016,1
282,C025,2
282,C027,4
282,C022,3
282,C001,1
282,C028,5
282,C002,4
282,C004,5
282,C009,5
282,C015,5
283,C013,3
283,C015,4
283,C019,2
283,C002,5
283,C005,4
283,C011,2
283,C016,5
283,C023,5
283,C017,3
283,C004,5
283,C018,4
284,C001,3
284,C015,4
284,C018,4
284,C016,5
284,C002,5
284,C022,3
284,C009,3
284,C025,2
284,C027,5
284,C004,2
284,C005,1
284,C007,2
285,C008,5
285,C018,4
285,C004,4
285,C017,2
285,C022,4
285,C023,5
285,C015,5
285,C024,4
285,C021,3
285,C010,5
285,C007,3
286,C005,3
286,C006,4
286,C013,5
286,C007,3
286,C018,2
286,C028,4
286,C004,4
286,C012,2
287,C023,2
287,C017,4
287,C008,3
287,C018,5
287,C003,5
287,C020,5
287,C005,4
287,C009,2
287,C001,5
287,C011,5
287,C002,5
288,C013,5
288,C011,3
288,C021,3
288,C009,5
288,C006,4
288,C019,2
288,C004,3
288,C017,3
288,C010,5
288,C022,5
288,C015,4
288,C027,5
288,C016,1
288,C008,4
289,C002,2
289,C008,1
289,C005,5
289,C012,5
289,C023,3
289,C017,4
289,C024,5
289,C027,2
289,C019,2
289,C029,3
289,C003,5
290,C005,5
290,C008,5
290,C024,3
290,C007,3
290,C017,3
290,C015,4
290,C010,5
290,C004,5
291,C016,4
291,C012,3
291,C021,5
291,C025,5
291,C003,5
291,C001,3
291,C006,2
291,C019,5
291,C027,5
291,C026,4
291,C009,3
291,C023,5
291,C028,2
291,C010,1
292,C022,2
292,C008,4
292,C009,5
292,C016,5
292,C029,3
292,C005,1
292,C020,5
292,C025,5
292,C006,4
292,C023,5
292,C030,5
293,C002,3
293,C019,1
293,C003,5
293,C014,5
293,C021,2
293,C024,4
293,C016,5
293,C009,5
293,C018,4
293,C007,5
293,C001,4
293,C006,4
293,C027,5
294,C021,4
294,C012,5
294,C013,1
294,C003,5
294,C001,1
294,C016,5
294,C017,5
294,C008,5
295,C019,5
295,C023,3
295,C020,4
295,C003,5
295,C005,4
295,C007,3
295,C004,5
295,C027,2
295,C009,5
295,C001,3
295,C030,5
295,C015,5
295,C026,5
295,C010,4
296,C014,3
296,C024,3
296,C027,3
296,C004,1
296,C006,5
296,C026,4
296,C018,1
296,C002,3
296,C008,5
296,C022,4
296,C016,1
296,C029,4
296,C007,3
297,C009,1
297,C012,2
297,C006,1
297,C019,2
297,C011,3
297,C015,1
297,C017,1
297,C020,2
297,C029,5
297,C016,5
297,C027,2
297,C030,1
297,C014,5
297,C025,3
297,C002,5
298,C027,5
298,C025,4
298,C016,5
298,C008,2
298,C004,1
298,C009,5
298,C024,2
298,C012,5
298,C017,5
298,C026,5
299,C020,1
299,C012,4
299,C009,2
299,C002,2
299,C005,3
299,C011,5
299,C007,2
299,C003,4
300,C015,4
300,C011,3
300,C014,1
300,C026,3
300,C004,5
300,C012,1
300,C028,3
300,C020,4
300,C005,5
301,C005,5
301,C001,3
301,C029,1
301,C002,3
301,C014,2
301,C012,3
301,C027,3
301,C016,2
301,C024,3
301,C022,4
301,C004,1
302,C012,3
302,C019,4
302,C018,3
302,C017,3
302,C029,3
302,C021,2
302,C020,1
302,C015,4
302,C030,5
302,C014,3
302,C007,3
303,C020,3
303,C026,1
303,C017,5
303,C013,5
303,C014,3
303,C022,4
303,C002,2
303,C030,5
303,C025,4
303,C023,5
303,C015,3
303,C004,4
304,C006,4
304,C015,3
304,C005,1
304,C019,5
304,C010,4
304,C030,5
304,C004,5
304,C017,5
304,C029,5
304,C007,3
304,C013,5
304,C018,5
304,C022,1
305,C030,5
305,C007,4
305,C021,2
305,C017,4
305,C016,4
305,C022,1
305,C020,5
305,C024,3
305,C013,5
305,C012,4
305,C015,2
305,C027,3
306,C016,3
306,C017,5
306,C020,2
306,C008,2
306,C009,4
306,C024,1
306,C006,5
306,C019,5
306,C010,3
306,C022,5
306,C023,1
307,C027,5
307,C022,5
307,C021,3
307,C014,4
307,C024,4
307,C002,5
307,C013,1
307,C018,2
307,C019,1
307,C016,5
307,C029,5
307,C010,5
307,C008,5
307,C005,4
307,C007,3
308,C002,2
308,C015,3
308,C020,5
308,C010,1
308,C028,1
308,C029,5
308,C003,3
308,C007,2
309,C022,2
309,C027,2
309,C010,5
309,C017,4
309,C011,3
309,C029,2
309,C007,1
309,C009,5
309,C024,2
310,C002,5
310,C005,1
310,C017,5
310,C011,4
310,C013,5
310,C027,4
310,C026,2
310,C009,5
310,C016,5
310,C019,1
310,C024,3
310,C023,3
310,C028,5
310,C030,1
311,C020,2
311,C028,4
311,C021,4
311,C017,5
311,C001,5
311,C030,3
311,C004,4
311,C025,3
311,C015,1
311,C013,1
311,C011,5
312,C011,5
312,C001,1
312,C022,2
312,C003,5
312,C004,5
312,C030,1
312,C026,3
312,C025,3
312,C015,2
313,C028,1
313,C007,5
313,C001,5
313,C014,5
313,C012,3
313,C019,3
313,C023,5
313,C030,5
313,C018,3
313,C022,1
313,C005,5
313,C006,5
314,C001,4
314,C025,4
314,C022,4
314,C002,5
314,C010,3
314,C028,5
314,C017,5
314,C005,1
314,C018,5
315,C007,4
315,C015,1
315,C029,5
315,C014,1
315,C013,5
315,C005,3
315,C028,2
315,C020,3
315,C009,4
315,C027,1
315,C022,2
315,C008,3
315,C019,2
315,C018,4
315,C006,5
316,C016,3
316,C013,5
316,C010,3
316,C025,4
316,C003,5
316,C006,4
316,C027,1
316,C004,3
316,C014,4
316,C020,4
316,C019,4
316,C009,3
316,C030,4
317,C026,3
317,C028,2
317,C007,5
317,C024,5
317,C016,3
317,C029,2
317,C018,5
317,C012,5
317,C006,2
317,C013,4
318,C001,5
318,C017,4
318,C027,4
318,C015,5
318,C008,3
318,C012,1
318,C011,5
318,C002,3
318,C029,1
318,C030,5
318,C022,5
319,C027,1
319,C012,2
319,C009,5
319,C019,5
319,C003,3
319,C023,3
319,C016,4
319,C018,4
319,C004,4
319,C015,3
319,C030,3
319,C021,5
319,C010,5
320,C024,3
320,C025,1
320,C003,3
320,C029,2
320,C013,5
320,C004,3
320,C008,3
320,C015,5
320,C026,5
320,C011,3
320,C027,1
320,C005,5
320,C002,3
321,C021,5
321,C011,5
321,C029,2
321,C005,2
321,C003,5
321,C015,5
321,C030,5
321,C010,5
321,C014,5
321,C024,4
321,C028,4
321,C020,4
321,C026,3
321,C018,1
322,C030,5
322,C010,3
322,C009,5
322,C012,5
322,C003,3
322,C011,4
322,C007,4
322,C014,5
322,C028,5
322,C022,2
322,C006,5
322,C005,1
322,C020,5
322,C013,4
323,C020,4
323,C018,4
323,C005,5
323,C001,5
323,C002,5
323,C013,3
323,C007,4
323,C021,4
323,C009,5
323,C023,4
323,C004,5
323,C003,5
323,C019,4
323,C022,5
324,C007,4
324,C028,5
324,C011,5
324,C030,3
324,C023,2
324,C025,5
324,C015,1
324,C003,5
325,C009,3
325,C022,2
325,C018,3
325,C010,4
325,C019,4
325,C020,5
325,C006,4
325,C014,5
325,C016,3
325,C003,4
325,C029,4
325,C004,4
325,C012,4
325,C011,5
325,C002,3
326,C012,4
326,C018,5
326,C020,3
326,C006,5
326,C016,2
326,C013,5
326,C023,2
326,C002,5
327,C020,2
327,C017,1
327,C004,4
327,C019,4
327,C001,5
327,C008,2
327,C010,4
327,C015,4
327,C005,1
328,C028,2
328,C013,3
328,C004,2
328,C011,5
328,C026,4
328,C019,4
328,C018,5
328,C020,5
328,C014,3
328,C012,3
328,C027,1
328,C022,3
328,C005,2
329,C030,5
329,C020,2
329,C016,3
329,C005,4
329,C002,4
329,C004,2
329,C009,2
329,C003,4
329,C021,4
329,C022,5
330,C001,5
330,C011,4
330,C023,2
330,C020,2
330,C029,5
330,C022,1
330,C003,3
330,C005,2
330,C002,2
330,C021,2
330,C009,2
331,C009,5
331,C008,2
331,C003,4
331,C001,3
331,C010,1
331,C030,5
331,C018,3
331,C006,2
331,C005,2
332,C025,5
332,C019,4
332,C024,4
332,C007,5
332,C003,3
332,C012,1
332,C013,4
332,C017,5
332,C014,1
332,C001,2
332,C021,2
332,C002,5
332,C030,3
333,C027,5
333,C020,5
333,C014,1
333,C019,5
333,C008,1
333,C003,5
333,C025,1
333,C001,5
333,C021,1
333,C016,5
334,C007,2
334,C012,2
334,C023,3
334,C019,3
334,C024,3
334,C027,4
334,C004,3
334,C003,5
334,C018,4
334,C029,4
334,C025,2
334,C005,3
335,C007,5
335,C010,2
335,C016,4
335,C011,2
335,C014,5
335,C028,5
335,C023,3
335,C013,4
335,C006,3
335,C001,2
336,C001,2
336,C012,3
336,C008,2
336,C011,2
336,C028,5
336,C013,4
336,C027,4
336,C026,4
336,C009,1
336,C007,5
337,C019,2
337,C025,4
337,C021,3
337,C004,2
337,C011,4
337,C023,2
337,C009,5
337,C026,2
337,C016,5
338,C030,4
338,C022,3
338,C011,3
338,C008,5
338,C020,5
338,C006,1
338,C005,3
338,C013,3
338,C012,2
338,C010,5
338,C024,5
338,C028,5
338,C004,1
338,C014,5
339,C004,3
339,C027,4
339,C025,5
339,C001,5
339,C017,5
339,C005,5
339,C019,2
339,C023,1
339,C021,3
340,C021,3
340,C025,4
340,C024,3
340,C015,5
340,C027,3
340,C026,5
340,C019,2
340,C023,4
340,C029,4
340,C016,4
340,C020,1
340,C018,2
340,C028,3
340,C004,5
340,C002,4
341,C017,2
341,C022,3
341,C006,5
341,C018,1
341,C004,1
341,C008,4
341,C009,5
341,C026,4
341,C029,5
341,C005,4
341,C021,1
341,C019,1
341,C011,5
341,C015,4
342,C015,5
342,C029,5
342,C005,2
342,C011,5
342,C003,2
342,C022,4
342,C010,2
342,C021,3
342,C018,2
342,C027,5
342,C001,5
343,C017,4
343,C016,3
343,C013,2
343,C011,5
343,C024,1
343,C002,5
343,C001,4
343,C006,5
343,C014,4
343,C015,4
343,C029,3
343,C007,3
344,C013,3
344,C008,1
344,C026,4
344,C015,5
344,C028,4
344,C022,2
344,C014,1
344,C018,2
344,C025,4
344,C020,5
344,C005,4
344,C012,2
344,C019,3
345,C017,4
345,C003,1
345,C020,5
345,C001,5
345,C027,3
345,C021,4
345,C029,2
345,C023,3
345,C002,5
345,C024,5
345,C014,5
345,C025,4
346,C007,2
346,C005,4
346,C022,2
346,C029,2
346,C016,3
346,C024,1
346,C014,4
346,C010,1
346,C001,5
346,C003,5
346,C028,2
346,C004,5
347,C015,3
347,C011,4
347,C028,2
347,C026,2
347,C006,2
347,C029,2
347,C025,5
347,C005,2
347,C021,5
347,C014,3
347,C027,2
347,C019,5
347,C018,2
347,C023,4
347,C024,5
348,C025,4
348,C005,2
348,C011,2
348,C009,3
348,C007,5
348,C027,4
348,C017,5
348,C024,4
349,C006,2
349,C019,1
349,C030,5
349,C011,3
349,C013,5
349,C018,2
349,C023,3
349,C020,3
349,C004,5
350,C005,5
350,C012,4
350,C008,2
350,C024,5
350,C003,5
350,C019,5
350,C015,5
350,C014,1
351,C008,3
351,C018,5
351,C023,3
351,C029,5
351,C005,3
351,C006,5
351,C002,5
351,C015,3
351,C028,2
351,C009,5
351,C003,5
351,C030,5
351,C026,2
351,C016,2
351,C022,1
352,C020,4
352,C009,5
352,C030,4
352,C011,4
352,C002,2
352,C006,5
352,C024,5
352,C026,5
352,C013,5
353,C007,1
353,C016,3
353,C017,4
353,C021,5
353,C025,3
353,C003,2
353,C018,3
353,C010,4
353,C006,2
353,C015,5
353,C024,5
353,C027,4
353,C028,4
354,C021,3
354,C027,5
354,C023,1
354,C007,2
354,C026,5
354,C025,2
354,C011,5
354,C004,1
354,C002,5
354,C024,1
354,C029,5
354,C014,1
355,C027,5
355,C010,2
355,C026,5
355,C030,4
355,C025,3
355,C008,2
355,C006,5
355,C016,5
355,C024,2
355,C018,5
355,C004,5
355,C007,3
356,C008,2
356,C027,3
356,C022,4
356,C009,4
356,C007,3
356,C019,5
356,C010,2
356,C023,3
356,C018,2
356,C014,1
357,C005,2
357,C029,5
357,C012,5
357,C019,2
357,C013,5
357,C030,1
357,C010,2
357,C025,2
357,C015,3
357,C007,5
357,C002,2
357,C017,1
358,C011,3
358,C001,2
358,C022,2
358,C027,5
358,C026,4
358,C028,4
358,C025,2
358,C020,4
359,C012,4
359,C015,1
359,C030,4
359,C011,3
359,C017,2
359,C023,2
359,C016,4
359,C020,3
359,C009,5
359,C018,4
359,C008,5
359,C010,5
359,C024,1
360,C028,3
360,C007,2
360,C016,2
360,C001,5
360,C030,5
360,C005,3
360,C022,5
360,C018,5
360,C021,3
361,C028,1
361,C016,2
361,C017,5
361,C030,4
361,C011,3
361,C029,3
361,C012,1
361,C008,5
361,C009,5
361,C013,1
361,C005,3
362,C010,1
362,C011,4
362,C020,5
362,C009,3
362,C003,3
362,C025,1
362,C021,4
362,C022,5
362,C019,5
362,C004,4
362,C017,4
362,C018,5
362,C001,5
362,C028,4
362,C026,1
363,C011,5
363,C003,5
363,C004,3
363,C001,3
363,C013,5
363,C012,3
363,C017,5
363,C020,3
363,C010,4
363,C019,5
363,C018,1
364,C004,3
364,C009,4
364,C011,3
364,C023,5
364,C003,1
364,C008,3
364,C010,5
364,C005,5
364,C019,4
364,C015,5
364,C017,2
364,C026,3
364,C001,3
364,C013,5
364,C016,5
365,C001,4
365,C021,2
365,C008,5
365,C007,2
365,C005,4
365,C026,3
365,C006,4
365,C015,3
365,C019,2
365,C013,4
365,C009,5
365,C022,1
366,C007,1
366,C023,4
366,C002,4
366,C029,1
366,C014,5
366,C018,3
366,C005,3
366,C025,3
366,C024,4
366,C006,1
366,C013,2
366,C028,3
367,C006,5
367,C022,3
367,C009,3
367,C019,3
367,C014,5
367,C021,5
367,C013,2
367,C025,4
367,C016,2
368,C003,5
368,C023,3
368,C027,4
368,C005,5
368,C016,5
368,C025,2
368,C021,3
368,C029,1
368,C004,5
368,C007,2
368,C011,1
368,C020,4
369,C027,3
369,C008,5
369,C028,5
369,C005,3
369,C030,3
369,C029,4
369,C013,5
369,C011,1
369,C023,5
370,C025,4
370,C015,5
370,C030,2
370,C018,2
370,C005,4
370,C029,5
370,C022,5
370,C023,3
370,C021,4
370,C009,1
370,C026,3
370,C027,1
370,C010,4
370,C024,5
370,C004,4
371,C010,5
371,C003,5
371,C013,4
371,C008,2
371,C012,3
371,C027,3
371,C028,2
371,C006,5
372,C003,4
372,C020,3
372,C016,3
372,C005,5
372,C028,4
372,C012,4
372,C024,5
372,C029,4
372,C019,4
372,C026,5
372,C009,4
372,C023,5
373,C015,4
373,C012,2
373,C018,3
373,C016,4
373,C026,2
373,C025,5
373,C020,2
373,C028,2
373,C004,5
373,C002,3
373,C024,2
373,C010,5
373,C021,5
373,C009,4
373,C022,5
374,C011,4
374,C009,5
374,C030,2
374,C028,1
374,C008,3
374,C007,1
374,C021,5
374,C014,1
374,C002,5
374,C015,2
375,C009,3
375,C007,5
375,C001,5
375,C008,5
375,C013,5
375,C015,5
375,C005,1
375,C021,5
375,C003,5
375,C020,5
375,C027,3
375,C010,5
375,C014,5
375,C002,5
375,C022,4
376,C024,1
376,C011,1
376,C028,5
376,C006,1
376,C019,5
376,C013,4
376,C007,4
376,C010,4
376,C002,5
376,C001,5
377,C009,4
377,C014,4
377,C017,3
377,C005,2
377,C019,5
377,C013,2
377,C004,5
377,C025,5
377,C010,1
377,C023,4
377,C021,1
378,C005,2
378,C006,4
378,C011,2
378,C026,5
378,C004,1
378,C016,5
378,C008,2
378,C023,2
378,C021,3
378,C012,4
378,C020,4
378,C030,2
379,C014,5
379,C019,1
379,C027,2
379,C030,1
379,C018,5
379,C001,2
379,C012,3
379,C016,4
379,C023,5
379,C015,4
379,C010,5
379,C006,5
379,C024,4
379,C002,4
379,C004,5
380,C002,3
380,C014,5
380,C005,5
380,C004,4
380,C020,3
380,C012,5
380,C011,4
380,C001,3
380,C009,2
380,C008,2
380,C021,4
381,C021,2
381,C027,5
381,C002,3
381,C016,1
381,C004,2
381,C019,5
381,C024,5
381,C020,4
381,C011,4
381,C012,1
381,C026,5
381,C008,1
382,C023,3
382,C030,5
382,C004,3
382,C020,2
382,C005,5
382,C018,3
382,C013,5
382,C006,1
382,C014,5
382,C024,2
383,C025,3
383,C008,4
383,C018,2
383,C016,4
383,C003,2
383,C001,2
383,C014,5
383,C017,3
383,C010,2
383,C006,2
384,C001,2
384,C030,5
384,C009,3
384,C019,2
384,C010,4
384,C021,4
384,C023,5
384,C002,5
384,C027,5
385,C008,5
385,C023,4
385,C029,2
385,C022,5
385,C012,1
385,C018,4
385,C020,5
385,C013,4
385,C016,1
385,C028,1
385,C004,2
385,C027,4
385,C001,3
385,C002,5
386,C009,5
386,C013,1
386,C001,3
386,C030,4
386,C022,5
386,C018,3
386,C019,2
386,C011,2
386,C028,2
386,C003,4
386,C015,5
386,C026,5
386,C029,4
387,C013,4
387,C024,5
387,C012,3
387,C006,5
387,C016,3
387,C002,5
387,C003,3
387,C017,1
387,C009,3
388,C003,5
388,C021,5
388,C001,3
388,C018,4
388,C014,1
388,C029,4
388,C011,1
388,C027,4
389,C001,4
389,C029,3
389,C019,5
389,C009,3
389,C020,5
389,C022,5
389,C003,2
389,C013,4
389,C026,1
389,C012,4
389,C008,2
390,C006,4
390,C018,2
390,C026,5
390,C025,3
390,C002,3
390,C017,1
390,C012,2
390,C015,1
390,C001,5
390,C008,5
390,C029,5
391,C016,3
391,C008,5
391,C026,5
391,C013,5
391,C022,3
391,C002,2
391,C003,4
391,C004,4
391,C009,5
391,C014,2
391,C027,3
391,C019,1
391,C007,5
391,C028,4
392,C015,5
392,C020,5
392,C028,5
392,C029,1
392,C019,5
392,C004,4
392,C001,5
392,C017,5
392,C010,3
392,C002,2
392,C022,2
392,C030,3
392,C006,2
393,C024,2
393,C011,4
393,C010,4
393,C025,4
393,C003,5
393,C023,4
393,C015,5
393,C026,2
393,C009,4
394,C026,3
394,C027,3
394,C012,4
394,C029,3
394,C016,5
394,C009,5
394,C002,1
394,C003,3
395,C022,5
395,C028,3
395,C016,5
395,C030,1
395,C023,3
395,C029,2
395,C013,5
395,C006,1
395,C012,5
395,C001,3
395,C009,2
395,C011,2
395,C026,5
395,C005,2
395,C003,3
396,C020,5
396,C011,3
396,C010,2
396,C001,4
396,C017,4
396,C024,5
396,C023,5
396,C005,1
396,C027,5
396,C006,1
396,C003,3
396,C002,5
396,C025,4
397,C020,5
397,C004,5
397,C027,5
397,C003,4
397,C025,5
397,C017,5
397,C016,1
397,C013,4
397,C005,5
397,C007,5
397,C010,5
397,C018,4
397,C012,5
397,C028,3
398,C006,4
398,C016,5
398,C009,3
398,C010,5
398,C025,1
398,C007,4
398,C005,4
398,C021,5
398,C018,3
398,C002,5
398,C015,3
398,C024,1
398,C026,5
399,C027,1
399,C019,3
399,C013,2
399,C014,2
399,C005,5
399,C007,3
399,C021,4
399,C016,5
399,C024,5
400,C030,2
400,C019,2
400,C002,5
400,C024,5
400,C015,1
400,C008,3
400,C012,5
400,C020,3
400,C022,5
400,C005,3
400,C017,2
400,C011,4
400,C027,4
401,C012,4
401,C009,4
401,C002,3
401,C006,2
401,C021,5
401,C011,5
401,C004,5
401,C014,4
401,C019,1
401,C016,4
401,C017,3
401,C015,3
402,C016,3
402,C028,3
402,C025,1
402,C014,5
402,C007,4
402,C021,4
402,C023,1
402,C009,4
402,C019,3
402,C013,2
403,C008,5
403,C002,5
403,C004,5
403,C017,5
403,C024,3
403,C006,5
403,C012,3
403,C019,1
403,C022,1
403,C016,5
403,C029,1
404,C016,3
404,C025,3
404,C001,3
404,C026,1
404,C024,2
404,C027,2
404,C005,5
404,C019,5
404,C002,1
404,C008,1
404,C028,5
404,C010,3
404,C009,5
405,C003,2
405,C004,1
405,C005,5
405,C030,4
405,C024,4
405,C022,4
405,C014,3
405,C010,5
405,C011,4
405,C013,2
406,C003,2
406,C007,5
406,C019,2
406,C022,5
406,C013,3
406,C018,5
406,C010,3
406,C002,5
406,C015,3
406,C030,2
406,C024,4
406,C008,4
406,C021,5
406,C006,4
407,C023,2
407,C030,3
407,C026,5
407,C013,5
407,C028,5
407,C015,1
407,C025,4
407,C008,3
408,C016,5
408,C009,3
408,C019,5
408,C029,4
408,C013,5
408,C004,3
408,C017,5
408,C024,2
408,C014,2
409,C013,5
409,C019,5
409,C027,2
409,C005,4
409,C018,5
409,C010,3
409,C004,5
409,C002,5
409,C001,3
410,C007,5
410,C004,3
410,C011,3
410,C021,4
410,C022,3
410,C013,3
410,C028,2
410,C001,3
410,C024,2
410,C009,5
410,C014,2
410,C027,3
411,C016,3
411,C028,1
411,C027,5
411,C014,5
411,C012,3
411,C023,3
411,C003,3
411,C021,3
411,C018,1
411,C024,1
411,C022,3
411,C030,5
411,C006,3
412,C001,3
412,C030,2
412,C005,3
412,C008,5
412,C027,4
412,C009,3
412,C013,5
412,C019,1
412,C020,4
412,C016,5
412,C010,5
412,C002,2
412,C004,2
412,C012,3
412,C017,3
413,C011,5
413,C004,3
413,C020,2
413,C014,5
413,C029,5
413,C013,1
413,C006,3
413,C008,5
413,C024,5
413,C022,4
413,C001,2
414,C021,4
414,C026,5
414,C004,4
414,C009,2
414,C020,3
414,C024,5
414,C016,2
414,C012,5
414,C010,2
415,C014,4
415,C018,1
415,C025,1
415,C007,5
415,C003,3
415,C009,1
415,C011,5
415,C001,3
415,C006,5
416,C026,5
416,C014,5
416,C012,5
416,C027,1
416,C015,2
416,C005,4
416,C017,5
416,C006,5
416,C002,5
416,C004,3
416,C030,4
416,C011,5
416,C003,5
417,C002,4
417,C020,2
417,C012,4
417,C022,2
417,C013,4
417,C026,2
417,C029,4
417,C018,2
417,C011,4
417,C025,3
417,C015,3
417,C023,5
418,C001,4
418,C023,3
418,C018,2
418,C024,2
418,C016,4
418,C005,2
418,C015,5
418,C004,1
419,C027,5
419,C025,1
419,C007,5
419,C017,2
419,C016,2
419,C011,4
419,C024,2
419,C009,2
419,C020,2
419,C008,4
419,C010,3
419,C013,5
419,C023,4
420,C012,5
420,C021,4
420,C005,4
420,C008,1
420,C006,1
420,C027,2
420,C029,3
420,C022,3
420,C026,5
420,C007,2
420,C001,2
421,C012,4
421,C025,5
421,C009,3
421,C008,5
421,C014,2
421,C002,3
421,C010,5
421,C022,4
421,C027,3
421,C006,5
421,C003,1
421,C005,2
422,C014,1
422,C022,4
422,C025,3
422,C019,3
422,C008,2
422,C011,2
422,C009,2
422,C012,4
422,C013,2
422,C001,1
422,C006,4
422,C003,4
422,C030,5
422,C021,3
423,C014,3
423,C025,5
423,C020,4
423,C030,1
423,C002,4
423,C029,2
423,C006,1
423,C026,1
424,C002,5
424,C014,5
424,C030,5
424,C012,2
424,C020,4
424,C028,5
424,C027,5
424,C015,4
425,C023,1
425,C021,1
425,C014,2
425,C007,5
425,C002,4
425,C030,2
425,C012,2
425,C011,2
425,C001,5
425,C019,5
425,C025,5
426,C005,5
426,C020,4
426,C030,5
426,C008,1
426,C023,4
426,C001,1
426,C009,3
426,C007,4
426,C013,4
426,C003,3
427,C007,4
427,C021,4
427,C014,3
427,C016,5
427,C013,5
427,C026,1
427,C023,5
427,C020,3
427,C002,5
427,C017,2
428,C012,5
428,C015,3
428,C008,5
428,C019,5
428,C009,4
428,C024,2
428,C013,4
428,C022,5
428,C025,2
428,C005,3
428,C029,5
428,C023,4
428,C017,5
428,C010,4
428,C018,5
429,C019,5
429,C013,5
429,C009,5
429,C017,4
429,C026,4
429,C023,1
429,C002,1
429,C001,4
429,C030,4
429,C016,3
429,C012,5
429,C007,3
429,C021,1
430,C014,2
430,C008,5
430,C009,2
430,C010,4
430,C026,3
430,C012,5
430,C030,2
430,C025,5
430,C022,3
430,C003,5
430,C029,1
430,C028,4
430,C005,1
431,C007,3
431,C029,4
431,C022,3
431,C013,4
431,C015,5
431,C017,3
431,C025,2
431,C001,3
431,C009,2
431,C014,5
431,C026,3
431,C024,4
431,C005,5
431,C006,5
432,C006,5
432,C025,5
432,C018,1
432,C009,2
432,C013,2
432,C029,3
432,C027,3
432,C014,3
432,C016,4
432,C021,1
433,C013,2
433,C016,1
433,C028,3
433,C027,5
433,C018,4
433,C015,5
433,C030,5
433,C014,4
433,C010,5
433,C002,5
433,C008,5
433,C022,4
433,C007,5
433,C001,4
434,C004,3
434,C019,5
434,C012,2
434,C010,5
434,C021,3
434,C006,3
434,C013,4
434,C002,1
434,C022,5
434,C014,4
434,C028,3
434,C001,5
434,C018,5
434,C005,1
435,C014,3
435,C022,5
435,C029,3
435,C020,3
435,C021,5
435,C024,4
435,C013,1
435,C012,4
435,C003,4
436,C004,3
436,C016,5
436,C020,3
436,C029,4
436,C023,3
436,C009,5
436,C017,5
436,C006,3
436,C028,5
436,C003,5
436,C011,4
437,C005,5
437,C021,4
437,C018,3
437,C019,5
437,C002,5
437,C001,5
437,C003,5
437,C030,5
437,C017,4
437,C022,3
437,C015,3
437,C023,1
437,C010,3
437,C025,4
438,C003,5
438,C028,3
438,C023,2
438,C007,4
438,C016,5
438,C005,4
438,C026,5
438,C024,2
438,C017,4
438,C011,5
438,C012,4
438,C027,1
438,C030,5
438,C014,2
438,C021,5
439,C015,2
439,C012,5
439,C028,5
439,C003,3
439,C014,2
439,C022,3
439,C016,4
439,C024,3
439,C010,5
440,C002,3
440,C025,5
440,C020,5
440,C026,3
440,C028,3
440,C014,5
440,C016,5
440,C015,5
440,C030,5
440,C022,2
440,C013,5
440,C029,5
440,C008,4
440,C004,4
440,C007,4
441,C002,3
441,C025,3
441,C021,5
441,C008,4
441,C023,5
441,C012,2
441,C029,5
441,C015,5
441,C010,2
442,C016,5
442,C005,1
442,C004,1
442,C021,1
442,C010,2
442,C020,4
442,C028,4
442,C015,3
443,C010,4
443,C009,2
443,C015,2
443,C030,5
443,C028,2
443,C014,5
443,C013,4
443,C016,5
443,C022,4
443,C002,4
443,C008,4
443,C020,5
443,C003,4
443,C019,1
443,C029,1
444,C020,5
444,C024,1
444,C003,5
444,C017,3
444,C011,5
444,C001,3
444,C007,3
444,C005,1
445,C003,5
445,C006,3
445,C018,1
445,C029,2
445,C008,3
445,C014,2
445,C019,5
445,C030,5
445,C002,5
445,C027,2
446,C024,4
446,C027,3
446,C006,4
446,C030,5
446,C019,5
446,C004,3
446,C012,5
446,C001,3
446,C015,4
446,C014,5
447,C023,2
447,C018,1
447,C030,4
447,C009,3
447,C011,2
447,C012,4
447,C026,5
447,C021,1
447,C010,3
447,C002,1
447,C004,2
447,C022,5
447,C024,1
447,C008,5
448,C002,3
448,C005,1
448,C015,5
448,C014,5
448,C013,2
448,C028,4
448,C020,5
448,C011,1
448,C003,3
448,C008,4
449,C027,4
449,C015,4
449,C021,3
449,C029,5
449,C006,2
449,C003,5
449,C004,4
449,C009,2
449,C010,1
449,C020,3
450,C015,2
450,C024,3
450,C003,1
450,C005,1
450,C010,5
450,C021,5
450,C022,4
450,C028,5
450,C008,4
450,C027,5
450,C006,5
450,C026,1
450,C013,3
450,C018,5
450,C007,5
451,C013,2
451,C001,3
451,C004,5
451,C026,3
451,C020,5
451,C010,5
451,C015,5
451,C023,3
451,C011,2
451,C016,5
451,C012,4
451,C002,3
451,C009,1
451,C007,2
452,C012,5
452,C011,2
452,C023,4
452,C021,3
452,C028,5
452,C022,4
452,C015,1
452,C017,1
452,C008,3
452,C010,3
452,C026,5
452,C030,3
453,C015,2
453,C014,3
453,C028,3
453,C009,2
453,C026,5
453,C024,1
453,C025,1
453,C004,2
453,C010,5
453,C017,3
453,C012,3
454,C016,5
454,C015,3
454,C007,5
454,C005,3
454,C013,3
454,C024,1
454,C004,4
454,C010,1
454,C003,1
454,C018,4
455,C009,3
455,C001,4
455,C002,5
455,C011,5
455,C006,3
455,C022,1
455,C018,5
455,C030,3
455,C027,4
455,C029,1
455,C021,2
456,C028,4
456,C018,3
456,C023,3
456,C030,4
456,C011,5
456,C009,5
456,C012,5
456,C021,1
457,C005,4
457,C020,4
457,C008,4
457,C016,4
457,C019,2
457,C028,5
457,C023,5
457,C007,3
457,C001,1
457,C015,4
457,C012,5
457,C017,2
457,C024,1
458,C009,3
458,C007,3
458,C002,5
458,C025,3
458,C023,5
458,C021,1
458,C001,2
458,C012,5
459,C010,2
459,C007,5
459,C018,3
459,C008,2
459,C025,5
459,C014,2
459,C020,5
459,C011,3
459,C012,1
459,C022,5
460,C012,2
460,C015,4
460,C016,2
460,C024,3
460,C029,5
460,C004,3
460,C010,2
460,C030,1
460,C028,3
460,C023,5
460,C005,4
460,C002,5
460,C025,1
460,C018,5
461,C018,2
461,C028,4
461,C029,4
461,C023,5
461,C010,4
461,C015,4
461,C017,5
461,C005,4
462,C027,5
462,C025,5
462,C003,4
462,C013,5
462,C005,4
462,C012,1
462,C021,3
462,C009,4
462,C030,5
462,C020,3
462,C019,2
462,C017,4
463,C027,4
463,C001,4
463,C023,2
463,C021,1
463,C015,3
463,C004,4
463,C006,2
463,C018,4
463,C016,2
463,C009,5
463,C013,1
463,C003,4
463,C012,2
463,C002,5
464,C027,2
464,C016,5
464,C030,5
464,C018,5
464,C022,2
464,C014,5
464,C025,4
464,C026,4
464,C006,5
465,C016,4
465,C026,5
465,C010,5
465,C009,4
465,C017,1
465,C008,3
465,C014,3
465,C025,3
465,C005,3
465,C029,4
465,C013,3
465,C007,3
465,C015,2
465,C019,1
466,C021,1
466,C025,3
466,C015,3
466,C005,4
466,C020,4
466,C006,1
466,C026,3
466,C009,5
467,C026,1
467,C015,4
467,C016,2
467,C014,2
467,C002,5
467,C010,5
467,C008,5
467,C001,4
467,C027,5
467,C013,5
467,C004,4
467,C025,5
467,C029,3
467,C011,5
467,C017,1
468,C007,4
468,C028,5
468,C006,1
468,C009,5
468,C027,4
468,C020,2
468,C019,5
468,C023,2
468,C011,5
468,C016,1
469,C027,4
469,C030,5
469,C028,2
469,C023,2
469,C029,1
469,C006,1
469,C010,4
469,C004,2
469,C024,3
469,C002,5
469,C009,1
469,C003,4
470,C005,5
470,C018,2
470,C013,5
470,C019,5
470,C003,5
470,C001,3
470,C020,2
470,C015,5
470,C029,5
470,C012,4
470,C006,1
470,C023,3
470,C027,4
471,C011,4
471,C027,2
471,C029,3
471,C009,2
471,C028,2
471,C018,1
471,C017,1
471,C025,4
471,C002,3
471,C007,4
472,C013,2
472,C011,5
472,C009,3
472,C006,4
472,C008,2
472,C010,3
472,C015,5
472,C014,3
472,C022,1
473,C022,4
473,C011,4
473,C029,4
473,C017,5
473,C001,4
473,C006,2
473,C015,2
473,C019,4
473,C002,4
473,C014,5
473,C004,5
473,C018,3
473,C005,2
473,C016,3
474,C012,3
474,C022,3
474,C016,2
474,C023,5
474,C008,5
474,C001,2
474,C028,3
474,C015,3
474,C025,4
474,C024,3
474,C010,4
475,C023,3
475,C027,3
475,C025,1
475,C026,5
475,C020,5
475,C004,1
475,C019,3
475,C030,4
475,C017,5
475,C005,5
475,C011,4
475,C010,4
476,C014,2
476,C029,3
476,C010,2
476,C006,2
476,C017,1
476,C009,3
476,C027,5
476,C016,4
476,C005,5
476,C024,2
476,C018,5
476,C026,3
476,C021,2
476,C023,3
476,C022,4
477,C021,3
477,C008,1
477,C023,5
477,C010,5
477,C007,2
477,C011,4
477,C001,3
477,C005,5
477,C006,3
477,C015,4
477,C009,2
477,C029,5
477,C030,5
478,C016,3
478,C017,3
478,C027,3
478,C003,5
478,C008,4
478,C024,1
478,C001,5
478,C022,5
478,C014,4
478,C005,5
478,C002,5
478,C018,5
478,C010,5
479,C029,3
479,C028,1
479,C021,3
479,C009,3
479,C011,2
479,C010,3
479,C014,3
479,C003,5
480,C008,4
480,C014,2
480,C003,4
480,C002,4
480,C007,5
480,C018,4
480,C010,1
480,C029,5
480,C005,2
480,C023,5
480,C026,4
480,C004,2
480,C015,1
481,C025,1
481,C022,5
481,C012,5
481,C007,3
481,C004,5
481,C016,2
481,C017,4
481,C018,5
481,C002,1
481,C020,5
481,C019,5
482,C016,4
482,C030,4
482,C011,5
482,C010,4
482,C014,4
482,C022,3
482,C001,3
482,C026,4
482,C019,3
482,C018,5
482,C009,2
483,C016,5
483,C027,3
483,C028,4
483,C020,4
483,C013,4
483,C030,5
483,C001,5
483,C009,2
483,C019,2
483,C008,5
483,C010,4
484,C001,2
484,C024,3
484,C023,5
484,C022,5
484,C027,3
484,C008,1
484,C026,5
484,C009,1
484,C005,3
484,C017,5
484,C018,3
484,C007,3
484,C016,4
484,C019,1
484,C021,4
485,C023,2
485,C015,5
485,C010,2
485,C030,5
485,C005,3
485,C025,3
485,C014,3
485,C016,2
485,C022,5
485,C003,5
486,C004,5
486,C017,5
486,C003,5
486,C006,4
486,C021,5
486,C024,1
486,C030,2
486,C019,4
486,C018,5
486,C026,5
486,C025,2
486,C027,2
486,C015,2
486,C020,2
486,C002,5
487,C014,5
487,C026,4
487,C017,5
487,C009,2
487,C012,3
487,C003,1
487,C024,5
487,C020,5
488,C025,3
488,C029,3
488,C018,5
488,C011,4
488,C005,5
488,C020,4
488,C012,1
488,C009,4
488,C003,4
488,C010,5
488,C008,5
489,C023,4
489,C028,3
489,C014,3
489,C011,3
489,C022,3
489,C020,4
489,C010,3
489,C008,3
489,C026,3
489,C030,5
490,C026,4
490,C019,3
490,C017,2
490,C005,4
490,C002,5
490,C022,3
490,C006,4
490,C012,3
490,C021,5
490,C023,5
490,C008,4
490,C024,3
490,C025,4
490,C027,5
491,C014,4
491,C022,5
491,C025,3
491,C019,1
491,C003,1
491,C013,5
491,C006,3
491,C010,2
491,C008,1
491,C017,2
491,C007,5
491,C026,2
491,C029,5
492,C020,4
492,C024,3
492,C015,5
492,C027,3
492,C028,3
492,C026,1
492,C023,4
492,C009,4
493,C003,3
493,C016,3
493,C017,3
493,C028,4
493,C002,1
493,C029,5
493,C013,5
493,C006,5
493,C005,5
493,C019,5
494,C006,3
494,C014,2
494,C010,5
494,C017,5
494,C016,3
494,C024,5
494,C015,5
494,C029,3
495,C028,5
495,C022,4
495,C024,5
495,C029,5
495,C020,5
495,C017,4
495,C013,3
495,C002,5
495,C019,5
495,C001,5
495,C014,3
495,C027,1
495,C007,1
495,C006,5
495,C025,5
496,C007,4
496,C024,3
496,C008,5
496,C027,1
496,C023,4
496,C019,1
496,C013,1
496,C009,4
496,C012,3
497,C026,4
497,C009,2
497,C028,3
497,C021,2
497,C018,1
497,C008,4
497,C030,5
497,C013,5
498,C027,2
498,C004,5
498,C029,2
498,C019,5
498,C018,5
498,C025,4
498,C008,4
498,C005,5
498,C014,2
498,C003,2
498,C024,5
498,C013,4
498,C012,2
498,C011,2
499,C021,4
499,C022,3
499,C011,5
499,C016,5
499,C006,5
499,C008,4
499,C017,5
499,C028,3
499,C023,3
499,C029,5
499,C030,3
499,C027,3
499,C019,5
500,C030,4
500,C011,5
500,C012,5
500,C010,5
500,C017,4
500,C020,4
500,C013,2
500,C015,2
500,C029,4
500,C018,1
500,C023,2
501,C004,1
501,C028,4
501,C010,5
501,C005,3
501,C016,4
501,C027,1
501,C003,4
501,C023,1
502,C016,2
502,C003,5
502,C015,1
502,C010,3
502,C028,4
502,C012,1
502,C026,1
502,C030,1
503,C029,5
503,C002,1
503,C027,1
503,C013,4
503,C024,3
503,C008,4
503,C017,5
503,C004,3
503,C026,5
503,C019,5
503,C005,3
503,C012,2
503,C028,5
503,C010,3
503,C011,5
504,C025,3
504,C014,5
504,C001,2
504,C017,5
504,C007,3
504,C021,1
504,C020,3
504,C008,4
504,C004,4
504,C029,5
504,C023,2
504,C026,4
505,C022,5
505,C002,5
505,C018,3
505,C007,3
505,C016,4
505,C010,3
505,C029,2
505,C001,5
505,C008,2
505,C009,3
505,C023,1
505,C005,3
505,C015,5
505,C004,5
505,C012,5
506,C012,3
506,C003,2
506,C006,2
506,C014,2
506,C029,5
506,C010,2
506,C020,3
506,C016,4
506,C008,4
506,C019,5
506,C005,5
506,C002,5
506,C017,4
506,C022,5
507,C023,4
507,C029,2
507,C024,2
507,C017,3
507,C030,5
507,C007,3
507,C008,5
507,C002,3
507,C010,2
507,C003,4
507,C014,5
507,C005,2
508,C020,4
508,C010,4
508,C029,1
508,C030,3
508,C007,2
508,C001,4
508,C022,4
508,C018,2
508,C006,5
508,C004,2
508,C011,5
508,C017,2
508,C016,3
509,C018,5
509,C007,4
509,C030,5
509,C010,1
509,C025,4
509,C006,5
509,C001,2
509,C022,5
509,C011,4
509,C021,2
510,C030,1
510,C029,5
510,C009,4
510,C007,5
510,C023,4
510,C015,1
510,C005,3
510,C021,2
510,C024,5
511,C018,4
511,C017,3
511,C008,3
511,C003,1
511,C023,3
511,C012,5
511,C002,5
511,C006,2
511,C009,2
511,C028,5
511,C010,4
511,C014,4
511,C011,4
511,C026,5
511,C004,3
512,C012,4
512,C020,5
512,C013,3
512,C026,5
512,C002,5
512,C023,3
512,C009,4
512,C003,5
512,C011,5
512,C017,4
512,C019,4
513,C027,4
513,C009,3
513,C030,5
513,C003,3
513,C021,2
513,C013,3
513,C020,5
513,C015,5
513,C024,2
513,C016,2
513,C002,5
513,C014,4
514,C027,3
514,C014,5
514,C029,5
514,C028,2
514,C006,2
514,C009,3
514,C016,2
514,C011,2
514,C001,3
514,C003,4
514,C024,5
514,C007,4
514,C025,3
514,C017,1
515,C027,4
515,C004,5
515,C020,4
515,C016,1
515,C023,5
515,C021,5
515,C025,3
515,C022,3
515,C015,5
515,C014,5
515,C009,4
515,C005,5
515,C006,5
515,C013,5
516,C015,3
516,C009,4
516,C019,5
516,C023,2
516,C024,1
516,C018,5
516,C026,2
516,C003,3
517,C023,1
517,C018,5
517,C019,5
517,C028,2
517,C009,1
517,C010,2
517,C001,5
517,C013,3
517,C005,5
518,C021,5
518,C011,5
518,C016,4
518,C028,4
518,C007,4
518,C026,4
518,C003,5
518,C010,5
518,C019,1
518,C020,2
518,C006,5
518,C004,3
518,C005,3
519,C027,3
519,C018,3
519,C008,5
519,C020,2
519,C019,2
519,C011,1
519,C009,2
519,C013,2
519,C029,1
519,C010,2
519,C012,3
519,C021,1
520,C010,2
520,C003,1
520,C006,2
520,C019,3
520,C025,3
520,C029,5
520,C030,1
520,C014,2
520,C018,3
520,C005,5
520,C028,4
520,C020,1
520,C015,2
520,C009,1
521,C029,4
521,C012,3
521,C001,4
521,C023,5
521,C007,2
521,C015,1
521,C021,4
521,C028,5
521,C016,5
521,C025,5
521,C013,5
521,C019,3
522,C012,5
522,C003,3
522,C008,4
522,C014,5
522,C002,4
522,C006,5
522,C022,5
522,C025,2
522,C021,3
522,C010,5
522,C005,3
522,C011,3
523,C025,5
523,C024,2
523,C027,5
523,C016,3
523,C007,5
523,C018,5
523,C005,5
523,C026,1
523,C028,5
523,C008,2
523,C010,5
523,C002,2
523,C023,3
523,C029,4
524,C012,5
524,C005,3
524,C014,2
524,C004,1
524,C015,5
524,C010,4
524,C019,5
524,C021,5
524,C009,3
524,C022,2
524,C011,5
524,C013,4
524,C025,3
524,C029,4
525,C028,5
525,C029,3
525,C025,3
525,C023,5
525,C022,3
525,C013,5
525,C009,5
525,C001,2
526,C030,4
526,C006,4
526,C026,3
526,C001,3
526,C010,5
526,C017,2
526,C015,3
526,C011,2
526,C022,5
526,C028,2
526,C018,5
526,C019,2
526,C027,4
527,C003,5
527,C027,5
527,C023,4
527,C008,5
527,C018,4
527,C025,2
527,C024,4
527,C030,3
527,C014,5
528,C022,5
528,C010,5
528,C012,2
528,C001,3
528,C011,3
528,C016,5
528,C013,4
528,C027,1
528,C007,5
528,C004,3
528,C014,5
528,C006,5
528,C023,4
528,C025,1
528,C018,3
529,C001,5
529,C016,5
529,C007,5
529,C010,4
529,C011,4
529,C029,3
529,C009,2
529,C013,4
530,C023,3
530,C012,3
530,C002,2
530,C029,2
530,C014,4
530,C013,2
530,C022,3
530,C016,5
530,C005,5
530,C006,3
530,C020,5
530,C026,5
531,C015,2
531,C007,3
531,C004,5
531,C016,4
531,C018,2
531,C024,3
531,C020,5
531,C021,5
531,C001,1
531,C030,3
531,C028,3
532,C019,4
532,C006,1
532,C024,2
532,C029,4
532,C023,3
532,C017,2
532,C028,5
532,C003,1
532,C004,2
532,C013,5
532,C014,5
533,C007,5
533,C015,2
533,C017,5
533,C026,5
533,C030,5
533,C011,4
533,C014,1
533,C005,3
533,C006,1
533,C023,4
533,C019,5
533,C016,2
533,C020,4
533,C024,5
533,C028,5
534,C013,3
534,C025,2
534,C001,4
534,C009,2
534,C011,5
534,C002,2
534,C017,2
534,C003,2
534,C007,1
534,C006,1
534,C016,4
535,C003,1
535,C007,4
535,C022,5
535,C021,5
535,C016,1
535,C024,3
535,C005,1
535,C020,5
535,C010,2
535,C013,5
535,C001,2
535,C027,5
535,C025,3
535,C026,5
535,C012,5
536,C016,5
536,C013,2
536,C014,1
536,C022,5
536,C001,5
536,C023,3
536,C004,4
536,C027,2
536,C005,4
536,C012,2
537,C021,5
537,C022,2
537,C011,4
537,C024,2
537,C006,5
537,C007,5
537,C002,5
537,C029,4
537,C015,1
537,C016,5
537,C023,4
537,C010,5
537,C025,5
538,C021,2
538,C007,5
538,C029,5
538,C013,3
538,C018,5
538,C006,4
538,C020,4
538,C016,5
538,C004,1
538,C003,2
539,C006,5
539,C022,5
539,C002,5
539,C007,5
539,C012,2
539,C024,5
539,C005,4
539,C015,3
539,C028,5
539,C017,1
540,C015,3
540,C016,1
540,C027,4
540,C011,4
540,C025,5
540,C010,3
540,C028,5
540,C021,5
540,C009,2
540,C001,1
540,C019,3
540,C020,2
540,C005,1
541,C001,5
541,C015,5
541,C011,3
541,C025,3
541,C004,4
541,C030,4
541,C028,2
541,C005,3
541,C027,5
541,C012,4
541,C022,4
542,C012,3
542,C029,3
542,C030,5
542,C008,3
542,C026,4
542,C019,4
542,C014,5
542,C015,5
542,C023,5
542,C001,1
542,C027,5
542,C022,1
542,C002,1
543,C005,3
543,C028,3
543,C027,5
543,C013,4
543,C018,5
543,C011,2
543,C007,1
543,C001,4
543,C016,5
543,C021,2
543,C009,3
543,C015,4
543,C020,5
543,C004,4
544,C009,5
544,C008,5
544,C020,4
544,C011,3
544,C026,3
544,C005,2
544,C014,1
544,C006,3
544,C027,2
544,C016,3
544,C018,1
545,C016,3
545,C029,2
545,C020,1
545,C027,5
545,C003,5
545,C023,5
545,C006,2
545,C009,5
545,C007,4
545,C001,4
545,C028,4
545,C008,2
545,C017,2
545,C021,4
545,C018,1
546,C002,1
546,C005,4
546,C001,2
546,C013,3
546,C022,5
546,C028,3
546,C027,1
546,C004,4
546,C030,3
546,C011,5
546,C017,5
546,C026,2
546,C024,2
547,C012,2
547,C013,5
547,C024,3
547,C003,4
547,C016,1
547,C010,5
547,C005,5
547,C022,2
547,C017,3
547,C001,4
547,C029,3
547,C009,4
547,C020,2
547,C030,5
548,C005,4
548,C002,3
548,C024,5
548,C016,1
548,C029,4
548,C017,3
548,C022,3
548,C015,5
548,C027,4
548,C026,3
548,C020,2
548,C013,1
549,C007,2
549,C002,5
549,C020,4
549,C025,1
549,C011,5
549,C028,2
549,C003,5
549,C018,3
549,C016,4
549,C026,3
550,C014,5
550,C018,2
550,C020,5
550,C025,4
550,C012,4
550,C006,3
550,C021,5
550,C023,5
550,C022,3
551,C004,5
551,C023,1
551,C028,2
551,C002,3
551,C018,5
551,C009,2
551,C012,4
551,C003,1
551,C027,2
552,C019,4
552,C012,3
552,C028,4
552,C004,5
552,C027,2
552,C008,3
552,C009,4
552,C005,5
552,C003,2
553,C022,3
553,C026,4
553,C001,5
553,C021,1
553,C013,1
553,C030,5
553,C011,3
553,C025,3
554,C014,3
554,C018,1
554,C020,5
554,C009,5
554,C001,3
554,C027,1
554,C005,5
554,C002,5
555,C004,2
555,C027,2
555,C019,3
555,C024,3
555,C023,3
555,C006,5
555,C029,2
555,C007,5
555,C011,4
555,C026,3
556,C001,3
556,C025,2
556,C022,5
556,C023,4
556,C006,4
556,C020,2
556,C028,5
556,C010,5
556,C011,5
556,C030,5
556,C017,5
556,C016,5
556,C008,3
557,C022,2
557,C023,5
557,C008,5
557,C003,2
557,C025,3
557,C018,5
557,C010,4
557,C014,5
557,C005,1
557,C004,4
558,C010,4
558,C020,1
558,C024,5
558,C006,4
558,C011,5
558,C007,3
558,C023,3
558,C008,4
558,C017,3
558,C015,3
558,C002,5
559,C026,2
559,C020,5
559,C013,5
559,C010,2
559,C005,1
559,C019,3
559,C025,3
559,C002,2
559,C024,4
559,C004,3
559,C017,2
559,C023,5
559,C027,1
559,C003,1
559,C018,2
560,C024,1
560,C012,3
560,C003,2
560,C015,2
560,C004,2
560,C009,5
560,C025,2
560,C029,1
560,C027,5
560,C022,4
560,C013,5
561,C021,2
561,C019,4
561,C012,4
561,C015,2
561,C008,1
561,C013,5
561,C002,3
561,C004,2
561,C018,4
561,C023,2
561,C020,3
561,C026,5
561,C028,5
562,C023,4
562,C029,2
562,C030,5
562,C014,4
562,C001,3
562,C027,5
562,C013,3
562,C011,2
562,C025,4
562,C024,5
562,C010,4
562,C021,5
563,C027,3
563,C030,5
563,C029,3
563,C020,1
563,C024,5
563,C026,5
563,C001,2
563,C018,4
563,C017,5
563,C019,2
563,C012,3
563,C013,4
563,C007,3
564,C011,5
564,C029,3
564,C003,4
564,C027,1
564,C025,4
564,C022,3
564,C026,1
564,C018,4
565,C012,4
565,C027,4
565,C009,3
565,C016,5
565,C026,5
565,C014,4
565,C011,4
565,C023,3
565,C017,2
565,C030,2
565,C010,5
566,C009,5
566,C020,2
566,C001,1
566,C022,1
566,C007,5
566,C029,4
566,C010,5
566,C008,5
567,C011,1
567,C003,4
567,C022,2
567,C024,5
567,C019,5
567,C007,5
567,C021,1
567,C005,3
567,C016,2
567,C027,4
568,C023,3
568,C019,3
568,C005,3
568,C009,1
568,C018,5
568,C022,2
568,C010,5
568,C006,4
568,C007,4
568,C003,5
568,C012,3
568,C004,5
568,C011,5
569,C030,2
569,C022,4
569,C013,2
569,C014,4
569,C015,2
569,C028,3
569,C010,5
569,C029,5
570,C019,2
570,C029,3
570,C008,3
570,C026,3
570,C014,4
570,C017,3
570,C028,3
570,C020,3
570,C027,3
570,C005,4
570,C011,4
570,C015,4
570,C003,1
570,C022,4
571,C019,2
571,C010,2
571,C026,5
571,C030,4
571,C011,1
571,C027,5
571,C008,2
571,C004,5
572,C024,1
572,C004,5
572,C001,4
572,C010,1
572,C003,5
572,C014,2
572,C026,5
572,C025,3
572,C009,1
572,C015,5
572,C021,4
572,C020,4
572,C029,2
572,C016,2
573,C018,2
573,C001,3
573,C013,4
573,C020,5
573,C008,5
573,C012,3
573,C029,3
573,C017,1
574,C010,5
574,C020,2
574,C028,1
574,C005,3
574,C014,4
574,C025,3
574,C011,5
574,C019,5
574,C012,2
574,C002,1
574,C021,5
574,C027,3
574,C007,2
575,C021,4
575,C002,5
575,C005,5
575,C012,4
575,C022,3
575,C004,5
575,C025,5
575,C006,3
575,C008,5
576,C029,5
576,C022,2
576,C007,3
576,C017,4
576,C014,5
576,C020,5
576,C012,4
576,C018,5
576,C024,4
576,C004,5
576,C019,2
576,C006,4
576,C016,3
576,C011,1
577,C025,5
577,C002,4
577,C023,5
577,C021,3
577,C006,3
577,C017,4
577,C004,5
577,C007,1
577,C026,4
577,C022,1
578,C024,2
578,C012,5
578,C027,1
578,C008,5
578,C013,4
578,C002,3
578,C029,2
578,C014,5
578,C018,2
578,C011,4
578,C019,5
578,C017,4
578,C004,4
579,C026,2
579,C015,2
579,C009,5
579,C014,4
579,C002,5
579,C003,3
579,C027,2
579,C029,3
579,C005,4
579,C010,1
579,C018,4
579,C019,4
579,C004,5
579,C013,2
580,C014,2
580,C020,4
580,C010,5
580,C024,5
580,C009,3
580,C018,4
580,C029,5
580,C019,5
581,C008,5
581,C017,2
581,C010,4
581,C029,3
581,C012,3
581,C009,3
581,C015,3
581,C024,1
581,C030,3
581,C026,5
581,C016,2
581,C019,5
581,C022,1
582,C008,5
582,C016,2
582,C029,5
582,C023,5
582,C022,4
582,C026,4
582,C004,4
582,C013,2
582,C019,5
582,C028,5
582,C021,5
583,C006,2
583,C019,3
583,C022,4
583,C009,2
583,C001,5
583,C023,3
583,C016,4
583,C018,4
583,C002,5
583,C028,2
583,C013,5
584,C030,3
584,C009,5
584,C008,5
584,C004,2
584,C002,5
584,C022,2
584,C019,5
584,C018,3
584,C003,2
584,C010,4
584,C011,4
584,C026,2
584,C006,4
585,C012,3
585,C021,5
585,C007,4
585,C017,3
585,C011,3
585,C014,4
585,C001,2
585,C018,5
585,C030,3
586,C022,5
586,C001,2
586,C012,1
586,C009,1
586,C011,2
586,C026,4
586,C007,4
586,C028,5
586,C004,5
586,C003,2
586,C010,5
586,C025,4
586,C024,3
586,C019,4
586,C029,2
587,C014,5
587,C025,3
587,C020,3
587,C006,5
587,C004,4
587,C011,5
587,C015,2
587,C022,5
587,C028,1
587,C016,5
587,C002,3
587,C018,3
588,C009,3
588,C019,5
588,C021,4
588,C008,5
588,C004,3
588,C005,3
588,C016,2
588,C025,1
588,C027,3
588,C020,1
588,C022,5
588,C012,5
588,C010,3
588,C003,2
588,C011,4
589,C016,3
589,C014,5
589,C012,4
589,C018,2
589,C017,2
589,C002,1
589,C030,5
589,C013,4
590,C017,2
590,C027,3
590,C001,5
590,C011,5
590,C026,3
590,C002,5
590,C023,5
590,C018,5
590,C020,3
590,C028,4
590,C015,1
590,C012,5
590,C014,5
590,C006,5
591,C019,3
591,C024,1
591,C009,2
591,C005,1
591,C027,2
591,C016,2
591,C026,4
591,C011,5
591,C028,5
591,C014,4
591,C008,4
591,C022,4
591,C025,2
591,C010,4
592,C004,2
592,C017,4
592,C008,4
592,C003,4
592,C026,2
592,C005,4
592,C009,5
592,C002,3
592,C011,1
592,C027,5
592,C024,4
592,C028,5
592,C015,5
592,C022,1
592,C001,3
593,C009,4
593,C020,4
593,C016,5
593,C008,4
593,C015,4
593,C004,5
593,C018,5
593,C006,4
593,C017,5
593,C014,5
593,C030,3
594,C010,5
594,C004,3
594,C015,4
594,C018,1
594,C017,5
594,C011,5
594,C001,5
594,C028,3
595,C027,3
595,C023,5
595,C026,1
595,C019,4
595,C025,4
595,C018,4
595,C013,5
595,C001,5
595,C002,3
595,C015,5
595,C007,3
595,C008,3
595,C020,3
596,C029,4
596,C001,5
596,C003,5
596,C026,5
596,C011,5
596,C005,1
596,C013,1
596,C014,5
596,C007,4
596,C016,2
596,C023,3
596,C020,4
597,C007,5
597,C024,3
597,C004,5
597,C002,2
597,C006,4
597,C003,5
597,C013,4
597,C021,5
597,C017,5
597,C008,4
597,C030,2
597,C029,5
597,C027,5
597,C014,3
598,C025,4
598,C003,3
598,C020,5
598,C001,5
598,C015,5
598,C019,3
598,C009,5
598,C007,5
599,C012,3
599,C027,1
599,C001,3
599,C006,5
599,C008,1
599,C010,5
599,C004,5
599,C016,2
599,C014,5
599,C018,5
599,C019,4
599,C011,4
600,C014,4
600,C007,3
600,C005,4
600,C027,5
600,C021,2
600,C001,3
600,C023,5
600,C025,2
600,C020,4
600,C004,3
600,C026,4
600,C018,5
601,C016,2
601,C005,5
601,C026,4
601,C012,1
601,C015,2
601,C013,1
601,C009,2
601,C022,1
601,C018,3
601,C023,3
601,C027,4
601,C020,5
601,C002,4
601,C019,3
601,C014,4
602,C018,1
602,C007,5
602,C002,5
602,C011,2
602,C003,2
602,C010,3
602,C029,4
602,C030,4
602,C012,1
602,C022,5
602,C015,5
602,C016,3
603,C018,1
603,C027,5
603,C002,3
603,C007,1
603,C006,1
603,C020,3
603,C029,5
603,C015,3
604,C026,5
604,C028,4
604,C027,3
604,C024,4
604,C005,5
604,C023,3
604,C008,3
604,C011,3
604,C030,5
604,C018,4
604,C004,2
604,C006,4
605,C025,5
605,C020,5
605,C022,5
605,C010,2
605,C011,2
605,C017,3
605,C019,2
605,C029,2
605,C014,3
605,C005,2
605,C001,3
605,C003,5
605,C016,3
606,C004,3
606,C022,3
606,C021,2
606,C027,5
606,C015,4
606,C006,5
606,C009,2
606,C024,3
606,C017,2
606,C019,1
607,C026,1
607,C028,4
607,C014,3
607,C022,5
607,C025,5
607,C013,4
607,C019,2
607,C015,2
607,C002,5
607,C011,2
607,C023,5
607,C017,5
608,C029,2
608,C009,5
608,C012,2
608,C002,2
608,C018,5
608,C005,4
608,C007,3
608,C003,1
608,C026,4
608,C022,4
609,C011,2
609,C021,4
609,C025,2
609,C018,5
609,C008,5
609,C030,2
609,C029,4
609,C004,4
609,C007,4
609,C023,5
609,C013,5
609,C020,2
609,C016,3
610,C016,5
610,C029,5
610,C017,5
610,C030,3
610,C015,1
610,C023,3
610,C028,3
610,C014,3
610,C025,1
610,C013,1
610,C006,5
610,C008,5
610,C027,2
611,C017,5
611,C001,4
611,C027,5
611,C015,3
611,C002,1
611,C009,5
611,C004,5
611,C018,2
611,C006,5
611,C022,1
611,C014,5
611,C010,1
611,C013,4
612,C011,5
612,C021,2
612,C004,3
612,C008,1
612,C005,3
612,C010,5
612,C016,4
612,C029,2
612,C009,5
613,C008,2
613,C014,4
613,C004,4
613,C029,5
613,C002,2
613,C019,5
613,C028,2
613,C012,5
613,C023,5
614,C009,4
614,C011,4
614,C021,4
614,C020,4
614,C023,4
614,C010,2
614,C029,4
614,C018,3
614,C003,1
614,C004,2
614,C022,5
615,C014,3
615,C019,5
615,C002,1
615,C028,3
615,C007,1
615,C021,5
615,C001,1
615,C022,5
615,C027,5
615,C012,2
615,C006,5
616,C006,1
616,C029,3
616,C028,4
616,C009,4
616,C016,2
616,C012,5
616,C030,2
616,C026,4
616,C023,5
616,C007,1
616,C001,4
616,C010,2
617,C017,5
617,C014,3
617,C027,5
617,C012,5
617,C030,2
617,C026,3
617,C023,5
617,C022,1
617,C021,4
618,C013,4
618,C004,2
618,C027,1
618,C020,5
618,C006,5
618,C015,5
618,C003,4
618,C016,5
618,C019,5
618,C028,3
618,C009,1
619,C006,3
619,C013,4
619,C019,5
619,C016,5
619,C022,5
619,C003,4
619,C001,1
619,C011,5
620,C004,2
620,C017,5
620,C012,2
620,C028,4
620,C026,3
620,C011,5
620,C009,5
620,C024,1
620,C006,2
620,C015,1
620,C018,5
621,C012,4
621,C005,5
621,C003,5
621,C007,2
621,C019,2
621,C022,2
621,C025,1
621,C001,5
621,C013,3
622,C012,5
622,C008,3
622,C024,2
622,C028,4
622,C004,5
622,C001,5
622,C006,4
622,C019,1
622,C014,1
622,C010,3
623,C028,3
623,C015,2
623,C002,4
623,C018,5
623,C010,4
623,C020,5
623,C022,3
623,C026,5
623,C029,2
623,C005,3
623,C023,1
623,C024,3
624,C023,5
624,C004,3
624,C019,5
624,C017,2
624,C024,1
624,C007,3
624,C025,5
624,C002,5
624,C015,5
624,C013,5
625,C018,2
625,C013,3
625,C025,4
625,C004,4
625,C022,5
625,C010,5
625,C011,3
625,C002,2
625,C019,2
625,C029,5
625,C016,1
625,C027,4
625,C014,3
626,C027,4
626,C020,3
626,C023,2
626,C002,5
626,C026,3
626,C007,4
626,C017,3
626,C005,1
626,C011,5
627,C022,1
627,C003,3
627,C018,5
627,C028,3
627,C017,5
627,C012,3
627,C002,5
627,C020,5
627,C024,5
628,C021,3
628,C002,2
628,C012,3
628,C022,2
628,C003,1
628,C004,5
628,C023,4
628,C010,2
628,C016,3
628,C020,5
628,C017,5
628,C011,4
628,C029,3
628,C008,5
629,C020,5
629,C012,5
629,C019,5
629,C005,4
629,C004,5
629,C028,5
629,C029,4
629,C007,3
629,C027,4
629,C016,3
629,C013,5
630,C010,2
630,C028,5
630,C006,3
630,C007,5
630,C003,3
630,C016,5
630,C012,2
630,C027,5
630,C026,5
630,C021,2
630,C013,3
630,C015,1
631,C017,4
631,C020,5
631,C007,1
631,C025,2
631,C013,3
631,C029,1
631,C028,5
631,C015,5
631,C001,5
631,C024,3
632,C010,1
632,C005,1
632,C006,5
632,C024,2
632,C017,5
632,C027,2
632,C022,5
632,C016,5
632,C014,3
632,C012,5
632,C018,4
632,C013,4
632,C002,2
633,C008,5
633,C003,5
633,C026,5
633,C004,5
633,C030,5
633,C019,4
633,C023,2
633,C027,2
633,C007,5
633,C025,5
634,C006,1
634,C008,3
634,C002,3
634,C026,4
634,C001,2
634,C014,5
634,C022,1
634,C013,5
634,C007,2
634,C020,5
634,C021,5
634,C016,4
635,C020,5
635,C026,5
635,C013,2
635,C022,5
635,C015,2
635,C021,1
635,C006,3
635,C028,5
635,C030,2
635,C008,3
636,C016,4
636,C015,4
636,C004,5
636,C024,2
636,C014,2
636,C027,5
636,C012,1
636,C022,5
636,C030,5
636,C007,1
636,C009,3
636,C003,4
636,C008,5
636,C010,5
637,C005,4
637,C029,3
637,C008,4
637,C009,1
637,C014,4
637,C022,5
637,C016,5
637,C025,5
637,C006,1
637,C027,5
637,C018,4
637,C019,3
638,C020,5
638,C029,4
638,C021,4
638,C002,1
638,C013,3
638,C027,5
638,C022,5
638,C005,4
638,C028,4
638,C006,4
638,C004,4
638,C007,5
638,C024,5
638,C030,5
638,C010,1
639,C004,2
639,C010,3
639,C027,2
639,C012,5
639,C028,1
639,C001,3
639,C007,4
639,C003,3
640,C023,5
640,C006,2
640,C010,1
640,C026,2
640,C028,1
640,C015,2
640,C009,1
640,C020,1
640,C024,5
641,C006,2
641,C019,2
641,C029,5
641,C012,2
641,C009,5
641,C007,5
641,C008,2
641,C005,4
641,C001,4
642,C028,4
642,C001,1
642,C014,5
642,C018,5
642,C007,5
642,C008,5
642,C023,5
642,C004,5
642,C003,1
642,C021,5
642,C029,3
642,C013,3
642,C030,3
643,C019,5
643,C007,3
643,C010,4
643,C006,2
643,C021,1
643,C020,3
643,C009,2
643,C011,2
643,C014,5
643,C013,3
644,C001,5
644,C010,2
644,C012,5
644,C024,1
644,C003,1
644,C020,5
644,C008,2
644,C014,5
644,C028,3
644,C009,2
644,C025,5
644,C027,3
644,C026,5
644,C030,1
644,C019,4
645,C022,1
645,C020,5
645,C028,1
645,C021,2
645,C014,5
645,C006,1
645,C015,2
645,C030,3
645,C005,4
645,C025,3
645,C026,2
645,C016,4
645,C004,4
645,C018,3
646,C019,5
646,C024,1
646,C011,1
646,C010,5
646,C023,4
646,C025,5
646,C013,5
646,C029,1
646,C020,5
646,C016,5
646,C009,4
646,C018,4
646,C003,5
646,C008,4
647,C003,4
647,C028,5
647,C016,2
647,C025,2
647,C023,4
647,C024,3
647,C011,1
647,C020,2
647,C029,5
647,C030,5
647,C010,5
648,C029,2
648,C006,3
648,C004,5
648,C018,5
648,C007,3
648,C001,5
648,C013,5
648,C024,3
648,C021,5
648,C020,2
648,C027,4
648,C015,2
649,C001,1
649,C009,2
649,C018,4
649,C024,5
649,C010,2
649,C029,4
649,C017,4
649,C014,5
649,C008,5
649,C021,5
649,C025,5
650,C016,3
650,C004,3
650,C012,2
650,C015,2
650,C022,5
650,C027,2
650,C021,4
650,C026,2
650,C010,4
650,C014,4
650,C020,1
650,C017,1
650,C008,4
650,C029,5
651,C020,3
651,C006,4
651,C029,2
651,C014,5
651,C021,5
651,C009,3
651,C022,1
651,C017,5
651,C015,5
651,C026,1
651,C027,4
652,C026,5
652,C013,5
652,C009,4
652,C023,3
652,C018,3
652,C014,5
652,C007,4
652,C010,5
653,C029,4
653,C008,2
653,C025,4
653,C021,5
653,C016,5
653,C004,5
653,C028,3
653,C001,2
654,C015,1
654,C026,3
654,C028,3
654,C030,2
654,C019,2
654,C014,1
654,C022,5
654,C024,1
654,C002,3
654,C005,1
654,C004,3
654,C025,5
655,C018,2
655,C004,5
655,C009,3
655,C012,2
655,C021,5
655,C005,5
655,C019,4
655,C027,3
655,C020,2
655,C025,5
655,C006,1
655,C029,3
655,C015,1
655,C008,2
655,C007,2
656,C007,5
656,C016,5
656,C001,2
656,C012,5
656,C005,1
656,C018,5
656,C010,3
656,C019,1
657,C005,4
657,C026,4
657,C023,2
657,C007,5
657,C024,5
657,C009,4
657,C020,5
657,C029,5
657,C022,5
657,C014,5
657,C018,3
657,C017,5
658,C006,1
658,C026,1
658,C015,4
658,C007,2
658,C009,1
658,C022,4
658,C011,2
658,C001,4
658,C018,5
658,C021,5
658,C017,4
658,C024,5
659,C009,3
659,C016,3
659,C022,2
659,C023,2
659,C004,3
659,C029,5
659,C019,5
659,C001,2
659,C011,1
659,C015,5
659,C024,5
660,C015,5
660,C002,5
660,C016,5
660,C005,3
660,C021,5
660,C029,2
660,C003,1
660,C008,4
661,C027,3
661,C002,3
661,C016,5
661,C003,2
661,C004,2
661,C010,4
661,C023,2
661,C012,5
661,C011,5
661,C025,4
661,C009,4
661,C006,3
661,C013,4
662,C029,3
662,C011,5
662,C021,2
662,C001,5
662,C026,5
662,C022,3
662,C013,5
662,C020,2
662,C006,5
662,C015,5
662,C012,5
662,C030,1
663,C014,2
663,C023,5
663,C026,2
663,C025,4
663,C015,1
663,C003,1
663,C010,3
663,C008,3
663,C019,1
664,C019,1
664,C005,4
664,C014,3
664,C028,5
664,C018,1
664,C029,5
664,C012,5
664,C025,4
664,C009,4
664,C013,4
664,C008,1
664,C003,1
665,C029,5
665,C024,4
665,C021,4
665,C026,5
665,C001,5
665,C010,5
665,C020,5
665,C027,3
665,C002,3
665,C011,3
665,C015,3
665,C009,3
666,C016,3
666,C014,5
666,C005,5
666,C001,5
666,C021,5
666,C013,3
666,C004,5
666,C018,5
667,C025,4
667,C024,2
667,C006,5
667,C014,3
667,C028,5
667,C010,1
667,C023,3
667,C008,3
668,C018,5
668,C015,5
668,C006,1
668,C024,3
668,C025,4
668,C011,4
668,C029,4
668,C026,1
668,C030,4
668,C016,1
668,C020,3
668,C010,4
668,C021,2
668,C004,5
669,C009,4
669,C005,2
669,C011,5
669,C024,4
669,C019,1
669,C006,5
669,C012,3
669,C020,4
669,C018,5
669,C025,5
669,C002,4
669,C026,5
669,C028,4
669,C029,5
670,C027,2
670,C003,3
670,C016,5
670,C024,3
670,C029,5
670,C013,3
670,C028,4
670,C010,3
670,C025,2
670,C014,1
670,C001,5
670,C005,5
671,C017,2
671,C020,5
671,C007,2
671,C021,4
671,C019,3
671,C025,3
671,C011,5
671,C004,2
671,C028,5
672,C026,4
672,C014,1
672,C012,3
672,C009,3
672,C022,3
672,C018,3
672,C002,1
672,C016,3
673,C025,5
673,C030,5
673,C008,4
673,C026,1
673,C011,2
673,C012,4
673,C010,2
673,C014,5
673,C021,5
673,C013,5
674,C024,1
674,C020,3
674,C021,2
674,C023,4
674,C009,5
674,C029,2
674,C016,1
674,C030,5
674,C004,5
674,C003,5
674,C015,3
674,C001,4
675,C015,2
675,C018,3
675,C006,2
675,C005,4
675,C009,4
675,C013,4
675,C019,1
675,C026,5
676,C006,4
676,C005,3
676,C003,4
676,C015,5
676,C029,5
676,C020,5
676,C012,5
676,C001,2
676,C004,2
676,C007,1
676,C017,5
676,C023,5
676,C011,4
676,C009,1
677,C028,4
677,C023,5
677,C026,3
677,C027,4
677,C008,5
677,C010,4
677,C017,3
677,C020,2
678,C028,3
678,C027,3
678,C005,3
678,C006,3
678,C004,2
678,C015,3
678,C012,4
678,C007,3
678,C018,5
678,C019,4
678,C026,2
678,C009,4
679,C024,5
679,C008,2
679,C017,5
679,C014,1
679,C001,4
679,C012,1
679,C027,1
679,C002,5
680,C010,3
680,C026,5
680,C014,3
680,C006,4
680,C018,1
680,C013,3
680,C022,1
680,C012,1
680,C030,5
680,C003,5
680,C007,2
680,C017,4
680,C005,3
681,C002,5
681,C005,5
681,C011,1
681,C022,1
681,C012,4
681,C021,5
681,C015,3
681,C019,3
681,C024,4
681,C026,3
681,C013,2
681,C020,5
681,C028,2
682,C025,1
682,C024,3
682,C026,5
682,C011,4
682,C023,5
682,C008,5
682,C022,4
682,C027,3
682,C014,4
683,C003,1
683,C030,3
683,C017,2
683,C023,2
683,C019,2
683,C024,4
683,C026,5
683,C029,4
683,C009,5
683,C011,5
683,C022,5
683,C015,4
684,C013,3
684,C011,1
684,C018,5
684,C014,2
684,C024,5
684,C029,5
684,C023,4
684,C030,4
684,C008,5
685,C015,5
685,C012,5
685,C027,5
685,C011,2
685,C029,4
685,C001,4
685,C022,2
685,C016,4
685,C009,5
685,C008,2
685,C007,4
685,C005,5
685,C025,4
686,C014,4
686,C004,3
686,C011,4
686,C006,2
686,C002,4
686,C022,3
686,C021,2
686,C001,5
686,C005,2
686,C009,2
686,C020,1
686,C015,5
687,C013,5
687,C002,5
687,C018,3
687,C009,5
687,C014,2
687,C025,2
687,C008,3
687,C015,3
687,C030,4
687,C028,3
688,C030,5
688,C013,1
688,C016,4
688,C001,3
688,C025,4
688,C007,3
688,C023,3
688,C022,1
688,C024,5
688,C012,5
688,C019,5
688,C009,5
688,C006,3
688,C005,4
688,C015,5
689,C006,5
689,C012,5
689,C007,5
689,C021,5
689,C024,2
689,C029,5
689,C018,4
689,C017,3
690,C028,1
690,C010,3
690,C016,2
690,C026,5
690,C004,3
690,C014,5
690,C019,2
690,C011,5
690,C013,4
690,C012,4
690,C001,2
690,C027,2
690,C022,1
690,C006,1
690,C005,5
691,C025,2
691,C012,5
691,C010,5
691,C027,5
691,C002,5
691,C017,1
691,C003,3
691,C007,4
691,C009,5
691,C014,5
692,C022,1
692,C002,3
692,C026,3
692,C017,5
692,C029,3
692,C028,5
692,C018,2
692,C015,5
692,C005,5
692,C020,2
693,C016,5
693,C028,4
693,C011,4
693,C023,2
693,C030,3
693,C010,4
693,C018,5
693,C025,5
693,C003,4
694,C002,5
694,C015,4
694,C004,5
694,C028,2
694,C020,5
694,C021,3
694,C006,3
694,C014,5
694,C026,1
694,C022,5
694,C017,5
694,C025,5
695,C020,4
695,C006,3
695,C023,2
695,C030,4
695,C002,2
695,C018,5
695,C025,3
695,C027,5
696,C020,4
696,C008,2
696,C005,3
696,C017,3
696,C030,4
696,C001,5
696,C021,1
696,C007,3
696,C024,5
696,C026,4
696,C011,5
697,C015,3
697,C028,4
697,C009,5
697,C023,5
697,C001,4
697,C025,2
697,C017,2
697,C024,3
697,C008,3
697,C012,5
697,C010,4
697,C006,5
697,C002,5
697,C003,5
697,C030,2
698,C005,1
698,C002,4
698,C013,5
698,C023,3
698,C027,5
698,C025,5
698,C018,4
698,C029,4
698,C012,5
698,C022,5
698,C024,1
698,C015,1
698,C026,5
699,C028,1
699,C005,1
699,C008,4
699,C006,5
699,C027,2
699,C029,3
699,C025,2
699,C026,2
699,C009,5
699,C022,5
699,C019,1
699,C023,3
699,C017,2
699,C015,2
700,C028,5
700,C027,3
700,C005,4
700,C025,5
700,C023,2
700,C017,5
700,C012,3
700,C015,4
700,C011,3
700,C013,2
700,C009,5
701,C027,2
701,C002,3
701,C017,2
701,C018,1
701,C004,3
701,C005,5
701,C013,5
701,C011,3
701,C025,3
701,C008,5
702,C013,2
702,C004,5
702,C002,4
702,C012,1
702,C024,1
702,C026,1
702,C019,5
702,C007,1
702,C020,5
702,C001,4
702,C023,5
702,C010,3
703,C008,5
703,C027,4
703,C010,5
703,C007,4
703,C025,4
703,C021,5
703,C024,5
703,C019,3
703,C026,4
703,C011,3
703,C003,3
704,C001,4
704,C010,5
704,C030,2
704,C002,4
704,C008,5
704,C011,3
704,C003,1
704,C012,1
704,C028,2
704,C024,2
704,C015,1
705,C002,3
705,C021,1
705,C025,2
705,C007,4
705,C009,4
705,C010,1
705,C006,4
705,C019,2
705,C011,5
705,C015,2
705,C001,5
705,C005,4
705,C016,3
705,C027,5
706,C018,4
706,C012,5
706,C014,4
706,C019,5
706,C010,3
706,C015,5
706,C007,4
706,C003,5
706,C001,5
706,C016,5
707,C002,1
707,C014,4
707,C019,3
707,C029,1
707,C027,5
707,C004,5
707,C015,5
707,C010,3
707,C017,5
707,C024,5
707,C009,4
707,C028,4
707,C016,4
708,C004,3
708,C011,1
708,C026,4
708,C018,1
708,C030,3
708,C002,5
708,C014,4
708,C023,4
708,C025,5
708,C028,5
708,C012,4
709,C012,5
709,C005,3
709,C026,5
709,C002,2
709,C024,5
709,C030,2
709,C019,4
709,C015,5
710,C011,3
710,C029,3
710,C030,5
710,C020,3
710,C021,3
710,C022,3
710,C025,4
710,C003,2
710,C007,2
710,C015,3
710,C026,3
711,C023,2
711,C010,3
711,C013,3
711,C012,4
711,C014,5
711,C022,5
711,C016,1
711,C004,4
712,C028,3
712,C002,4
712,C030,1
712,C015,1
712,C027,5
712,C006,1
712,C018,2
712,C020,3
712,C005,4
712,C012,4
712,C017,5
712,C010,3
713,C014,4
713,C029,3
713,C013,1
713,C017,4
713,C022,4
713,C011,4
713,C001,1
713,C027,1
714,C019,1
714,C010,3
714,C006,1
714,C016,4
714,C008,3
714,C001,3
714,C017,4
714,C014,5
714,C020,2
714,C015,1
714,C005,2
714,C004,2
714,C029,2
715,C012,5
715,C023,2
715,C029,5
715,C018,5
715,C027,5
715,C001,1
715,C026,3
715,C022,4
715,C028,5
715,C013,5
715,C006,1
716,C012,1
716,C015,5
716,C010,4
716,C022,5
716,C025,5
716,C001,1
716,C007,3
716,C021,4
716,C023,5
716,C017,5
716,C011,3
717,C006,5
717,C029,5
717,C012,4
717,C017,3
717,C005,3
717,C022,3
717,C004,2
717,C027,5
717,C026,3
718,C017,4
718,C027,5
718,C029,5
718,C010,4
718,C007,3
718,C012,1
718,C004,4
718,C026,5
718,C025,5
719,C010,2
719,C023,2
719,C001,4
719,C011,5
719,C016,4
719,C029,4
719,C013,4
719,C022,2
719,C024,1
720,C011,5
720,C002,4
720,C029,2
720,C004,2
720,C013,3
720,C009,3
720,C001,4
720,C005,3
720,C028,4
721,C023,5
721,C018,2
721,C021,5
721,C004,4
721,C028,5
721,C025,5
721,C007,2
721,C006,3
722,C021,1
722,C029,3
722,C030,2
722,C017,5
722,C009,2
722,C007,5
722,C027,1
722,C002,2
722,C023,4
723,C006,5
723,C025,5
723,C028,5
723,C027,3
723,C001,5
723,C012,2
723,C004,3
723,C021,4
724,C018,2
724,C028,3
724,C014,3
724,C027,5
724,C008,5
724,C010,5
724,C020,4
724,C015,2
724,C017,5
724,C021,2
724,C025,5
724,C012,2
724,C022,3
724,C003,3
724,C002,4
725,C023,5
725,C030,4
725,C014,5
725,C027,4
725,C013,2
725,C019,4
725,C017,3
725,C026,4
726,C027,1
726,C007,2
726,C012,5
726,C028,1
726,C024,3
726,C003,1
726,C009,2
726,C006,2
726,C026,4
726,C011,5
726,C030,1
726,C013,1
726,C029,2
727,C019,3
727,C030,3
727,C008,4
727,C002,3
727,C015,5
727,C001,2
727,C013,5
727,C027,4
727,C006,1
727,C017,5
727,C003,1
727,C022,5
727,C028,3
728,C030,5
728,C024,5
728,C023,3
728,C002,4
728,C017,4
728,C007,4
728,C028,4
728,C025,2
728,C019,5
728,C003,5
728,C016,2
728,C013,5
729,C023,5
729,C024,3
729,C021,1
729,C016,3
729,C015,3
729,C027,3
729,C028,5
729,C009,1
729,C022,4
730,C018,4
730,C025,1
730,C014,1
730,C003,5
730,C024,5
730,C001,5
730,C021,4
730,C017,4
730,C008,1
731,C015,3
731,C017,3
731,C014,3
731,C019,4
731,C021,3
731,C010,1
731,C026,5
731,C004,5
731,C027,4
731,C007,4
732,C019,4
732,C026,4
732,C018,3
732,C004,4
732,C016,3
732,C017,5
732,C001,4
732,C010,4
732,C023,3
733,C016,2
733,C020,5
733,C009,5
733,C005,3
733,C003,4
733,C012,3
733,C011,5
733,C006,3
733,C002,1
733,C001,5
733,C024,3
734,C003,5
734,C002,3
734,C020,5
734,C001,4
734,C015,1
734,C007,3
734,C016,4
734,C029,3
734,C022,2
734,C010,5
735,C016,5
735,C025,5
735,C020,2
735,C024,2
735,C009,5
735,C006,2
735,C008,4
735,C017,5
735,C030,5
736,C001,5
736,C030,3
736,C016,3
736,C029,2
736,C014,4
736,C013,4
736,C005,5
736,C011,5
736,C024,4
736,C012,4
736,C015,4
737,C030,1
737,C017,4
737,C023,5
737,C005,2
737,C013,5
737,C022,2
737,C004,4
737,C011,3
738,C013,2
738,C009,1
738,C029,1
738,C003,3
738,C016,3
738,C020,4
738,C012,1
738,C002,5
738,C030,3
739,C021,5
739,C007,3
739,C024,5
739,C005,4
739,C022,5
739,C004,5
739,C006,4
739,C025,5
739,C018,5
739,C017,3
739,C030,3
739,C003,3
739,C008,2
740,C009,3
740,C012,1
740,C004,3
740,C002,3
740,C021,4
740,C014,1
740,C018,1
740,C025,4
740,C015,3
740,C013,4
741,C029,5
741,C015,5
741,C004,3
741,C028,3
741,C018,5
741,C020,1
741,C009,2
741,C023,2
741,C002,5
742,C020,2
742,C014,3
742,C005,5
742,C028,5
742,C012,5
742,C002,3
742,C022,3
742,C030,3
742,C018,4
742,C023,5
742,C011,2
743,C015,3
743,C009,5
743,C002,2
743,C026,2
743,C024,5
743,C012,3
743,C029,5
743,C006,5
743,C007,5
743,C005,1
743,C027,3
743,C014,1
744,C009,5
744,C002,5
744,C011,5
744,C025,2
744,C010,5
744,C005,3
744,C020,4
744,C008,2
745,C009,5
745,C028,3
745,C006,2
745,C023,5
745,C010,4
745,C013,5
745,C026,2
745,C022,1
745,C027,4
746,C016,2
746,C006,1
746,C021,5
746,C029,3
746,C002,5
746,C012,4
746,C028,3
746,C015,5
746,C010,1
746,C005,5
746,C004,1
746,C027,2
747,C021,5
747,C017,5
747,C010,5
747,C004,5
747,C014,4
747,C015,2
747,C018,3
747,C025,3
747,C007,5
747,C027,5
748,C030,1
748,C012,3
748,C022,3
748,C003,5
748,C004,5
748,C028,5
748,C020,4
748,C029,4
748,C018,5
748,C011,1
748,C001,3
748,C009,4
748,C015,1
748,C014,5
748,C023,5
749,C017,2
749,C014,3
749,C025,4
749,C011,3
749,C020,1
749,C021,5
749,C022,1
749,C015,3
749,C018,5
749,C027,2
749,C003,5
749,C019,2
750,C008,4
750,C016,3
750,C030,4
750,C013,3
750,C027,2
750,C020,4
750,C029,3
750,C018,5
750,C019,5
750,C004,5
750,C001,4
750,C012,2
750,C017,4
751,C019,5
751,C021,5
751,C004,5
751,C022,2
751,C009,5
751,C025,1
751,C028,5
751,C014,2
751,C020,4
751,C010,5
752,C006,3
752,C012,5
752,C007,5
752,C017,2
752,C016,3
752,C029,3
752,C001,5
752,C005,5
752,C024,5
752,C015,2
753,C030,5
753,C006,3
753,C029,5
753,C004,3
753,C019,1
753,C001,1
753,C013,3
753,C008,2
754,C026,2
754,C029,2
754,C019,3
754,C003,4
754,C015,3
754,C001,5
754,C002,2
754,C020,1
754,C006,3
754,C024,5
754,C009,2
754,C011,2
754,C030,2
754,C027,3
754,C013,3
755,C024,3
755,C011,3
755,C005,5
755,C027,4
755,C012,1
755,C025,1
755,C015,2
755,C010,5
755,C001,5
756,C009,4
756,C005,2
756,C022,3
756,C019,5
756,C002,4
756,C006,2
756,C008,3
756,C018,5
756,C021,5
757,C021,4
757,C025,3
757,C004,4
757,C020,5
757,C005,5
757,C022,5
757,C023,3
757,C007,5
757,C015,5
757,C017,3
758,C025,3
758,C023,5
758,C027,5
758,C012,4
758,C030,2
758,C029,2
758,C028,2
758,C017,5
758,C005,2
758,C003,1
758,C014,5
759,C011,1
759,C017,5
759,C009,3
759,C025,4
759,C010,1
759,C002,5
759,C026,3
759,C015,2
759,C028,3
759,C019,3
759,C013,2
759,C029,2
759,C016,1
759,C003,5
760,C027,5
760,C011,4
760,C010,2
760,C024,3
760,C030,5
760,C017,2
760,C008,1
760,C018,4
760,C022,4
761,C009,3
761,C015,3
761,C028,3
761,C003,2
761,C012,4
761,C010,5
761,C017,3
761,C005,5
761,C013,2
761,C004,4
761,C026,1
761,C007,2
761,C029,5
762,C014,2
762,C012,3
762,C026,2
762,C020,4
762,C006,5
762,C007,4
762,C025,4
762,C002,2
762,C017,3
762,C004,3
763,C003,4
763,C002,4
763,C026,2
763,C018,3
763,C008,1
763,C017,2
763,C023,3
763,C012,5
763,C010,5
763,C030,4
763,C007,5
763,C029,5
763,C014,5
763,C005,4
763,C016,4
764,C007,4
764,C014,3
764,C030,5
764,C011,3
764,C017,5
764,C006,4
764,C021,5
764,C015,4
764,C022,5
764,C009,3
764,C028,5
764,C018,3
764,C013,2
764,C004,2
764,C026,3
765,C026,4
765,C015,4
765,C020,5
765,C025,3
765,C004,5
765,C003,5
765,C010,3
765,C029,2
765,C022,3
765,C013,2
765,C018,2
765,C005,3
765,C016,1
765,C007,3
765,C017,2
766,C023,3
766,C026,5
766,C014,1
766,C016,2
766,C007,2
766,C006,4
766,C018,2
766,C008,3
766,C030,5
766,C013,1
766,C012,4
766,C005,4
766,C001,5
766,C010,2
766,C021,1
767,C022,4
767,C010,4
767,C007,3
767,C013,1
767,C012,4
767,C004,5
767,C020,5
767,C024,4
767,C027,1
767,C019,1
767,C009,2
767,C016,4
767,C029,5
767,C017,3
767,C002,5
768,C023,5
768,C022,5
768,C007,5
768,C002,3
768,C015,3
768,C005,2
768,C010,3
768,C014,2
769,C019,2
769,C026,3
769,C022,3
769,C005,4
769,C018,4
769,C003,5
769,C007,3
769,C020,5
769,C002,5
769,C012,4
769,C008,1
769,C011,4
769,C029,3
769,C027,2
769,C009,4
770,C017,5
770,C010,4
770,C028,3
770,C001,5
770,C026,4
770,C020,4
770,C015,2
770,C024,3
770,C009,1
770,C008,2
770,C016,3
770,C014,2
771,C013,4
771,C006,5
771,C019,3
771,C004,2
771,C021,5
771,C009,4
771,C029,3
771,C028,5
772,C023,4
772,C013,4
772,C022,5
772,C019,4
772,C012,5
772,C004,3
772,C018,4
772,C017,1
772,C003,4
772,C009,2
772,C010,5
772,C016,4
772,C001,2
772,C025,3
772,C024,3
773,C012,2
773,C030,5
773,C028,4
773,C014,2
773,C001,2
773,C007,1
773,C008,2
773,C016,1
773,C013,4
773,C021,5
773,C004,2
773,C015,3
773,C002,2
773,C011,4
773,C017,1
774,C029,4
774,C015,2
774,C028,4
774,C026,4
774,C020,3
774,C027,2
774,C007,5
774,C018,2
774,C016,5
774,C009,5
774,C005,5
774,C017,2
774,C011,3
774,C012,2
775,C021,5
775,C029,1
775,C011,4
775,C026,2
775,C004,1
775,C028,4
775,C010,4
775,C003,2
775,C023,2
776,C003,4
776,C008,2
776,C020,4
776,C027,4
776,C011,4
776,C002,1
776,C029,5
776,C021,1
776,C015,4
776,C009,2
776,C006,1
776,C019,5
777,C005,1
777,C019,1
777,C022,3
777,C018,3
777,C021,5
777,C027,1
777,C011,3
777,C020,5
777,C030,3
777,C029,4
777,C013,4
777,C008,4
777,C009,5
777,C025,4
777,C002,1
778,C013,4
778,C009,5
778,C026,4
778,C021,4
778,C008,2
778,C024,5
778,C017,2
778,C006,4
778,C005,5
778,C028,3
778,C014,5
778,C023,5
778,C003,5
779,C029,1
779,C013,5
779,C028,2
779,C026,3
779,C003,4
779,C021,2
779,C011,5
779,C008,3
779,C010,4
779,C030,2
780,C005,2
780,C004,4
780,C022,4
780,C026,5
780,C023,5
780,C003,4
780,C018,5
780,C030,1
780,C001,1
780,C028,5
781,C005,1
781,C012,4
781,C021,1
781,C003,3
781,C014,5
781,C009,1
781,C004,4
781,C025,5
781,C002,2
782,C008,3
782,C017,5
782,C012,5
782,C003,4
782,C023,3
782,C009,2
782,C014,2
782,C027,4
782,C030,2
782,C029,4
782,C001,4
782,C002,2
782,C024,3
782,C007,4
783,C011,1
783,C009,4
783,C026,1
783,C018,5
783,C016,3
783,C004,1
783,C019,3
783,C021,5
783,C002,5
783,C024,5
783,C014,3
783,C028,5
783,C008,4
783,C013,1
784,C018,4
784,C011,2
784,C006,2
784,C004,3
784,C025,1
784,C010,2
784,C008,3
784,C003,1
784,C015,3
784,C012,4
784,C030,4
785,C014,3
785,C003,4
785,C023,5
785,C002,5
785,C030,4
785,C011,2
785,C001,4
785,C025,4
785,C005,5
785,C019,2
785,C009,5
785,C016,3
785,C027,3
786,C002,1
786,C024,2
786,C018,2
786,C008,4
786,C021,4
786,C015,5
786,C017,5
786,C016,5
786,C030,5
786,C029,5
786,C028,5
786,C026,4
786,C003,2
787,C022,3
787,C009,5
787,C016,2
787,C011,4
787,C007,5
787,C023,1
787,C024,5
787,C029,5
787,C001,5
788,C009,3
788,C014,2
788,C022,2
788,C003,1
788,C018,5
788,C012,4
788,C026,2
788,C027,1
788,C021,4
788,C007,2
788,C004,4
789,C010,1
789,C020,5
789,C004,1
789,C021,4
789,C013,2
789,C017,5
789,C022,5
789,C024,4
789,C029,4
790,C013,5
790,C009,5
790,C014,5
790,C022,3
790,C004,1
790,C017,1
790,C026,2
790,C030,2
791,C027,4
791,C012,2
791,C006,2
791,C030,2
791,C011,5
791,C002,2
791,C023,3
791,C022,3
791,C001,1
791,C020,4
791,C018,5
791,C013,5
792,C029,5
792,C018,3
792,C009,2
792,C004,5
792,C025,5
792,C014,4
792,C005,2
792,C028,1
792,C030,4
792,C017,4
792,C021,1
793,C006,1
793,C005,5
793,C024,2
793,C027,5
793,C014,5
793,C011,1
793,C015,2
793,C007,2
793,C012,5
793,C017,5
793,C028,2
793,C026,3
793,C030,4
793,C013,3
793,C021,5
794,C006,5
794,C018,1
794,C013,2
794,C005,4
794,C010,4
794,C002,3
794,C004,3
794,C016,4
794,C026,5
794,C019,4
794,C025,5
794,C017,4
795,C011,1
795,C015,4
795,C010,5
795,C006,1
795,C019,5
795,C007,1
795,C021,3
795,C027,5
795,C004,2
795,C005,4
795,C024,4
796,C016,5
796,C030,5
796,C007,3
796,C005,5
796,C028,2
796,C015,5
796,C003,5
796,C001,5
796,C004,5
796,C010,3
796,C024,2
796,C026,4
796,C012,5
797,C004,2
797,C009,2
797,C016,5
797,C008,5
797,C014,4
797,C011,2
797,C010,5
797,C006,5
797,C003,3
797,C017,3
797,C020,2
797,C023,3
797,C028,1
797,C025,4
798,C006,3
798,C004,5
798,C027,2
798,C022,4
798,C008,1
798,C020,3
798,C010,4
798,C003,1
798,C001,3
798,C029,5
798,C015,5
798,C026,5
799,C021,5
799,C030,3
799,C025,3
799,C013,5
799,C028,5
799,C006,2
799,C002,2
799,C019,1
799,C005,4
799,C017,1
799,C010,5
799,C009,4
800,C016,4
800,C014,3
800,C021,4
800,C006,4
800,C005,3
800,C028,3
800,C020,3
800,C002,4
801,C007,2
801,C026,5
801,C020,3
801,C018,3
801,C023,5
801,C004,5
801,C030,5
801,C010,5
801,C003,3
801,C002,3
801,C029,5
801,C019,3
801,C011,1
802,C030,5
802,C029,5
802,C012,3
802,C015,4
802,C004,5
802,C008,3
802,C022,3
802,C018,5
802,C011,3
803,C017,3
803,C010,1
803,C025,3
803,C028,4
803,C016,5
803,C014,1
803,C029,5
803,C020,3
803,C003,5
803,C005,2
803,C022,5
803,C012,4
804,C017,4
804,C006,4
804,C013,5
804,C007,5
804,C026,5
804,C002,5
804,C028,3
804,C030,1
804,C004,4
805,C008,2
805,C017,2
805,C029,5
805,C010,1
805,C013,2
805,C022,2
805,C025,3
805,C012,3
806,C026,3
806,C020,5
806,C030,5
806,C002,4
806,C003,2
806,C018,4
806,C012,3
806,C008,2
806,C025,1
806,C007,4
806,C009,4
806,C021,1
807,C019,4
807,C003,5
807,C013,1
807,C002,4
807,C016,3
807,C022,5
807,C020,4
807,C017,5
807,C026,1
807,C027,3
807,C021,4
807,C023,3
807,C006,5
807,C018,2
807,C025,3
808,C024,2
808,C003,2
808,C030,5
808,C026,3
808,C017,5
808,C007,5
808,C014,2
808,C018,3
808,C009,2
808,C002,5
808,C015,5
808,C025,1
809,C013,3
809,C023,5
809,C007,1
809,C002,4
809,C015,1
809,C029,3
809,C021,5
809,C008,5
809,C022,5
809,C019,4
809,C005,5
809,C028,4
810,C025,5
810,C027,3
810,C024,5
810,C004,2
810,C021,4
810,C015,5
810,C005,5
810,C012,2
810,C019,1
810,C006,5
810,C009,1
810,C001,5
810,C030,5
811,C002,5
811,C004,4
811,C019,5
811,C020,5
811,C007,2
811,C012,5
811,C029,4
811,C015,3
811,C028,3
811,C017,5
811,C025,5
811,C014,4
812,C026,5
812,C010,5
812,C004,2
812,C007,3
812,C012,5
812,C024,5
812,C030,3
812,C016,3
812,C005,5
812,C013,4
812,C029,3
812,C009,1
812,C011,5
812,C006,3
812,C028,3
813,C015,5
813,C009,5
813,C019,4
813,C021,3
813,C018,3
813,C024,2
813,C016,5
813,C007,2
813,C028,5
813,C020,4
813,C030,5
813,C004,5
813,C006,2
813,C001,1
813,C011,2
814,C015,4
814,C028,1
814,C013,3
814,C019,5
814,C030,3
814,C027,4
814,C008,5
814,C001,3
814,C007,4
814,C021,2
814,C020,4
814,C012,2
814,C011,5
814,C010,5
815,C009,2
815,C004,4
815,C012,5
815,C024,5
815,C017,1
815,C022,5
815,C027,5
815,C029,2
815,C015,5
815,C008,3
815,C016,4
815,C025,5
815,C003,3
815,C019,3
815,C005,5
816,C005,4
816,C030,5
816,C029,5
816,C026,2
816,C024,5
816,C013,4
816,C027,3
816,C015,3
816,C011,5
816,C025,2
816,C012,1
816,C007,2
816,C006,4
816,C018,4
816,C023,1
817,C010,3
817,C024,2
817,C020,3
817,C001,5
817,C014,3
817,C015,2
817,C013,4
817,C022,5
818,C027,3
818,C023,3
818,C004,4
818,C022,4
818,C021,5
818,C025,3
818,C013,4
818,C002,4
818,C030,2
818,C005,3
818,C029,3
818,C014,5
818,C020,4
818,C019,3
819,C021,5
819,C027,3
819,C013,5
819,C017,5
819,C015,4
819,C014,5
819,C019,3
819,C028,5
819,C025,3
819,C018,5
819,C011,3
819,C016,4
819,C009,2
819,C005,5
820,C026,5
820,C021,5
820,C007,4
820,C004,3
820,C006,1
820,C030,4
820,C012,3
820,C020,4
820,C027,5
820,C025,4
820,C005,5
820,C010,4
820,C016,2
821,C028,3
821,C023,3
821,C011,1
821,C029,4
821,C018,3
821,C008,5
821,C025,4
821,C013,3
821,C022,1
821,C027,1
821,C026,1
821,C019,3
821,C007,4
821,C020,2
821,C010,5
822,C025,4
822,C030,3
822,C013,5
822,C003,4
822,C026,3
822,C005,5
822,C011,1
822,C019,5
822,C007,4
822,C009,3
823,C013,4
823,C012,5
823,C024,1
823,C029,3
823,C014,5
823,C017,5
823,C007,5
823,C003,3
823,C027,5
823,C022,5
823,C018,1
823,C025,5
823,C019,4
823,C001,4
823,C010,5
824,C020,5
824,C015,2
824,C012,3
824,C021,4
824,C007,4
824,C009,4
824,C026,3
824,C016,2
824,C008,4
824,C022,4
824,C003,1
824,C017,2
824,C023,5
824,C019,4
825,C010,4
825,C014,5
825,C011,2
825,C006,4
825,C030,5
825,C027,5
825,C024,3
825,C012,4
825,C021,3
825,C009,3
825,C026,3
825,C019,4
825,C003,5
826,C024,5
826,C028,5
826,C006,5
826,C022,3
826,C026,2
826,C009,4
826,C002,3
826,C016,5
826,C013,5
826,C025,3
827,C011,3
827,C007,4
827,C001,2
827,C030,2
827,C010,4
827,C014,5
827,C016,4
827,C013,5
827,C025,4
827,C028,5
827,C020,5
827,C019,2
827,C005,5
827,C017,5
827,C006,4
828,C029,2
828,C013,2
828,C022,2
828,C001,3
828,C030,3
828,C024,2
828,C002,2
828,C010,4
828,C009,4
829,C009,4
829,C017,3
829,C019,3
829,C008,1
829,C024,2
829,C023,2
829,C028,2
829,C025,1
829,C012,3
830,C026,2
830,C018,3
830,C009,2
830,C025,5
830,C029,3
830,C001,3
830,C014,5
830,C019,1
830,C023,5
830,C005,1
830,C007,3
831,C027,5
831,C005,5
831,C013,2
831,C008,5
831,C009,2
831,C026,3
831,C019,3
831,C030,4
831,C003,5
831,C024,2
831,C020,5
831,C022,3
832,C024,3
832,C030,5
832,C009,5
832,C008,5
832,C012,4
832,C014,1
832,C019,2
832,C023,2
832,C004,2
832,C028,5
832,C003,1
832,C002,3
832,C005,5
832,C001,5
832,C017,1
833,C008,1
833,C014,1
833,C017,4
833,C012,5
833,C025,5
833,C011,5
833,C027,1
833,C016,2
833,C023,3
833,C028,4
834,C012,4
834,C009,4
834,C021,3
834,C020,4
834,C025,3
834,C008,3
834,C014,4
834,C002,2
834,C017,4
834,C010,1
834,C026,2
834,C018,5
834,C004,3
835,C029,5
835,C023,4
835,C017,5
835,C014,2
835,C002,4
835,C016,3
835,C008,5
835,C026,5
835,C013,2
835,C024,5
835,C012,5
835,C020,3
835,C025,1
835,C006,5
835,C030,3
836,C019,4
836,C030,5
836,C018,2
836,C006,4
836,C003,3
836,C007,5
836,C028,5
836,C023,4
836,C005,2
836,C014,5
836,C021,2
836,C012,5
837,C027,5
837,C013,3
837,C002,4
837,C015,1
837,C018,5
837,C010,1
837,C017,2
837,C026,5
837,C028,5
837,C020,1
837,C007,2
837,C006,5
837,C022,5
837,C025,3
838,C018,2
838,C014,3
838,C011,4
838,C004,1
838,C001,3
838,C030,5
838,C029,5
838,C023,3
838,C021,4
839,C020,4
839,C021,2
839,C011,2
839,C006,2
839,C014,2
839,C022,5
839,C001,4
839,C003,1
839,C009,1
839,C029,5
839,C030,5
839,C019,2
840,C010,5
840,C024,1
840,C011,5
840,C005,1
840,C027,3
840,C009,5
840,C004,1
840,C001,4
840,C022,4
840,C017,2
841,C010,5
841,C026,5
841,C023,4
841,C008,2
841,C002,2
841,C025,2
841,C019,5
841,C009,3
841,C014,3
841,C006,4
842,C004,5
842,C011,5
842,C020,3
842,C001,4
842,C010,5
842,C007,1
842,C024,4
842,C027,3
842,C012,5
842,C023,2
842,C018,5
842,C008,5
842,C019,1
842,C015,3
842,C002,2
843,C002,2
843,C025,2
843,C030,4
843,C009,4
843,C027,4
843,C006,2
843,C022,2
843,C014,1
844,C027,4
844,C003,5
844,C002,3
844,C011,5
844,C018,3
844,C023,1
844,C004,3
844,C012,2
844,C028,4
845,C023,4
845,C024,4
845,C007,5
845,C025,3
845,C028,2
845,C020,5
845,C030,2
845,C009,5
845,C002,3
845,C021,3
845,C017,2
845,C018,1
845,C015,3
845,C012,5
845,C003,5
846,C007,5
846,C002,3
846,C025,2
846,C027,5
846,C014,5
846,C011,3
846,C008,5
846,C028,3
846,C012,4
846,C019,1
846,C005,2
846,C016,4
846,C021,3
846,C026,2
847,C017,2
847,C004,2
847,C011,5
847,C010,4
847,C016,4
847,C022,2
847,C003,1
847,C030,2
847,C008,2
847,C029,4
847,C015,3
847,C025,2
847,C014,3
848,C012,4
848,C010,2
848,C026,2
848,C027,1
848,C015,5
848,C018,5
848,C003,3
848,C007,3
848,C024,5
848,C030,4
848,C008,5
848,C028,3
848,C014,3
848,C006,2
849,C021,2
849,C001,5
849,C022,5
849,C020,1
849,C002,4
849,C006,2
849,C009,3
849,C005,5
849,C012,3
849,C003,5
849,C014,1
849,C010,2
849,C007,3
849,C024,3
850,C001,3
850,C018,4
850,C005,4
850,C004,5
850,C025,5
850,C024,4
850,C009,5
850,C029,2
850,C017,1
851,C017,5
851,C015,2
851,C024,5
851,C004,3
851,C013,2
851,C012,5
851,C028,2
851,C030,5
851,C025,4
851,C027,4
851,C005,4
852,C012,2
852,C026,2
852,C022,2
852,C008,5
852,C024,3
852,C021,2
852,C019,5
852,C020,2
852,C007,5
852,C009,1
852,C004,5
852,C002,4
852,C018,5
853,C009,5
853,C001,1
853,C008,5
853,C002,5
853,C019,5
853,C023,5
853,C018,3
853,C026,1
854,C004,4
854,C005,3
854,C012,3
854,C006,4
854,C030,4
854,C008,5
854,C028,5
854,C003,2
854,C010,2
854,C022,5
854,C025,5
854,C021,5
854,C018,5
854,C026,3
854,C011,3
855,C011,5
855,C026,2
855,C024,2
855,C005,4
855,C001,4
855,C016,4
855,C023,2
855,C020,5
855,C027,5
856,C028,5
856,C017,4
856,C003,5
856,C005,3
856,C019,3
856,C015,5
856,C009,5
856,C018,5
856,C026,1
856,C021,4
857,C003,3
857,C014,1
857,C025,2
857,C013,2
857,C011,5
857,C015,4
857,C029,3
857,C001,5
858,C013,3
858,C005,3
858,C003,2
858,C027,2
858,C019,3
858,C004,4
858,C022,4
858,C029,2
858,C015,5
858,C017,3
858,C008,5
858,C018,2
858,C030,5
859,C009,2
859,C028,3
859,C017,5
859,C018,5
859,C005,1
859,C015,4
859,C030,2
859,C006,4
859,C007,3
859,C008,5
859,C011,2
860,C004,3
860,C017,5
860,C008,5
860,C029,4
860,C010,3
860,C013,5
860,C024,4
860,C011,1
860,C009,5
860,C028,4
860,C015,4
860,C020,4
860,C022,4
861,C021,4
861,C030,1
861,C008,4
861,C027,5
861,C012,1
861,C013,3
861,C003,2
861,C017,3
861,C011,2
861,C022,4
861,C018,5
862,C013,4
862,C014,4
862,C020,2
862,C022,3
862,C024,2
862,C007,5
862,C025,5
862,C026,5
862,C021,2
862,C002,2
862,C004,1
862,C006,3
862,C015,4
862,C012,5
862,C010,1
863,C022,4
863,C028,5
863,C004,4
863,C023,5
863,C017,2
863,C021,5
863,C020,5
863,C003,4
863,C005,5
863,C001,4
863,C029,3
863,C025,5
864,C028,2
864,C020,5
864,C029,2
864,C026,5
864,C021,4
864,C030,3
864,C012,3
864,C005,4
864,C016,5
864,C018,4
864,C014,3
865,C019,2
865,C025,4
865,C023,3
865,C017,4
865,C008,3
865,C026,5
865,C006,2
865,C022,2
865,C002,1
865,C001,5
865,C021,2
865,C027,4
865,C018,5
865,C014,3
866,C012,2
866,C019,3
866,C001,2
866,C027,5
866,C007,2
866,C003,4
866,C009,5
866,C010,2
866,C029,4
866,C014,2
866,C006,3
866,C013,3
866,C021,5
866,C005,3
866,C024,2
867,C007,5
867,C024,1
867,C001,4
867,C009,5
867,C025,3
867,C018,4
867,C017,1
867,C027,3
867,C014,2
867,C006,5
867,C010,5
867,C008,5
867,C022,4
867,C021,5
868,C023,4
868,C011,5
868,C010,2
868,C006,2
868,C018,2
868,C003,4
868,C008,3
868,C012,5
868,C007,2
868,C024,5
868,C002,2
868,C021,5
869,C013,2
869,C006,5
869,C020,3
869,C018,5
869,C026,5
869,C019,4
869,C015,4
869,C023,1
869,C012,5
869,C002,4
869,C028,5
869,C008,1
869,C005,3
870,C002,3
870,C006,4
870,C021,5
870,C027,3
870,C008,5
870,C026,2
870,C030,1
870,C017,5
870,C012,3
870,C004,1
870,C018,5
870,C028,5
870,C022,5
870,C019,3
870,C009,5
871,C008,1
871,C010,3
871,C020,4
871,C009,2
871,C007,5
871,C003,5
871,C014,4
871,C002,2
871,C026,5
871,C005,4
871,C011,5
872,C023,2
872,C017,4
872,C006,3
872,C021,3
872,C015,3
872,C019,5
872,C014,3
872,C016,5
873,C008,5
873,C019,2
873,C020,5
873,C017,3
873,C003,4
873,C016,2
873,C010,4
873,C029,5
873,C021,4
873,C006,3
873,C025,5
873,C022,5
873,C015,2
873,C013,4
873,C023,4
874,C008,5
874,C028,2
874,C020,3
874,C016,3
874,C029,3
874,C025,3
874,C024,3
874,C023,5
874,C030,2
874,C015,3
874,C019,3
874,C027,3
874,C009,5
875,C002,5
875,C014,5
875,C003,5
875,C004,5
875,C017,3
875,C005,5
875,C012,1
875,C016,3
875,C008,4
875,C013,5
875,C007,3
876,C013,5
876,C002,5
876,C029,2
876,C007,5
876,C020,2
876,C008,2
876,C030,3
876,C023,2
876,C019,4
876,C027,3
877,C017,5
877,C027,2
877,C003,3
877,C025,3
877,C013,3
877,C019,5
877,C014,5
877,C008,5
877,C002,3
877,C029,4
877,C024,1
877,C004,3
877,C012,5
877,C018,5
878,C022,2
878,C029,3
878,C019,2
878,C009,5
878,C018,3
878,C026,5
878,C028,4
878,C021,4
878,C027,5
878,C004,3
878,C016,3
878,C024,5
878,C010,4
878,C023,5
879,C021,5
879,C015,5
879,C005,4
879,C013,4
879,C012,2
879,C011,1
879,C009,1
879,C029,2
879,C022,3
879,C001,5
879,C014,2
879,C008,2
879,C019,5
880,C004,5
880,C023,5
880,C003,3
880,C019,5
880,C015,4
880,C009,4
880,C021,4
880,C013,5
880,C002,3
880,C014,5
880,C022,5
880,C011,5
880,C017,2
881,C004,4
881,C030,5
881,C003,1
881,C013,4
881,C002,5
881,C027,5
881,C028,5
881,C005,3
881,C010,2
881,C020,4
881,C001,1
882,C010,5
882,C003,4
882,C030,4
882,C015,5
882,C022,4
882,C028,2
882,C023,5
882,C002,3
882,C018,2
883,C024,5
883,C023,5
883,C009,2
883,C010,3
883,C022,4
883,C018,4
883,C006,3
883,C013,5
883,C025,5
883,C017,3
883,C005,5
883,C008,1
884,C016,5
884,C012,2
884,C023,2
884,C022,2
884,C002,3
884,C005,3
884,C021,5
884,C030,5
885,C003,5
885,C001,3
885,C006,2
885,C022,3
885,C012,3
885,C029,5
885,C005,2
885,C009,3
885,C007,5
885,C024,2
885,C011,4
885,C008,5
885,C010,5
886,C005,2
886,C003,5
886,C019,4
886,C014,4
886,C004,5
886,C021,4
886,C024,1
886,C027,2
887,C008,4
887,C026,5
887,C011,3
887,C023,2
887,C015,4
887,C001,3
887,C012,4
887,C028,3
887,C004,1
887,C029,5
887,C013,5
887,C002,5
887,C010,5
887,C021,4
888,C008,3
888,C030,4
888,C014,4
888,C012,3
888,C019,3
888,C017,1
888,C020,4
888,C028,1
888,C005,1
888,C025,4
888,C010,5
888,C016,5
888,C007,5
888,C022,3
888,C001,3
889,C010,5
889,C027,4
889,C008,4
889,C021,3
889,C014,4
889,C006,4
889,C004,4
889,C029,4
889,C025,3
889,C007,5
890,C012,4
890,C005,4
890,C014,3
890,C003,5
890,C022,3
890,C002,5
890,C010,4
890,C001,4
890,C018,4
890,C029,3
890,C006,5
890,C023,5
890,C017,3
891,C006,5
891,C021,4
891,C030,1
891,C026,1
891,C016,5
891,C025,5
891,C028,3
891,C003,5
891,C010,5
891,C001,4
891,C027,2
892,C024,2
892,C017,5
892,C009,5
892,C030,4
892,C018,4
892,C007,5
892,C023,5
892,C026,4
892,C015,4
892,C025,2
892,C011,5
892,C020,2
892,C016,5
892,C005,5
893,C016,3
893,C002,3
893,C001,3
893,C029,4
893,C013,5
893,C019,2
893,C008,1
893,C004,5
893,C025,5
893,C023,2
893,C028,2
894,C019,1
894,C024,3
894,C013,5
894,C014,5
894,C011,3
894,C009,2
894,C006,3
894,C001,5
894,C007,3
894,C028,3
894,C021,3
894,C016,2
894,C005,3
894,C023,2
895,C006,3
895,C007,5
895,C011,5
895,C015,5
895,C005,4
895,C016,3
895,C003,2
895,C009,2
895,C010,1
895,C014,5
896,C002,3
896,C025,4
896,C015,2
896,C018,5
896,C005,1
896,C009,3
896,C014,4
896,C012,1
896,C010,5
896,C019,3
896,C013,4
896,C001,4
896,C027,5
896,C011,3
896,C021,5
897,C021,5
897,C015,4
897,C001,4
897,C017,4
897,C014,5
897,C022,1
897,C024,1
897,C002,2
897,C019,3
897,C016,3
897,C011,4
897,C006,3
897,C003,2
898,C023,3
898,C007,2
898,C015,1
898,C003,1
898,C009,2
898,C010,4
898,C011,5
898,C024,2
899,C012,4
899,C003,5
899,C028,2
899,C007,2
899,C011,2
899,C005,4
899,C004,5
899,C025,2
899,C010,2
899,C023,3
899,C017,4
899,C013,5
899,C029,1
900,C006,4
900,C030,3
900,C009,5
900,C011,1
900,C014,4
900,C019,4
900,C028,4
900,C018,5
900,C012,3
901,C010,5
901,C004,3
901,C005,4
901,C024,4
901,C017,3
901,C019,5
901,C008,1
901,C022,2
902,C028,5
902,C023,1
902,C004,1
902,C030,5
902,C027,4
902,C003,5
902,C017,5
902,C008,5
902,C016,3
902,C024,1
902,C020,5
902,C002,5
902,C005,5
902,C019,5
902,C001,4
903,C024,1
903,C010,4
903,C030,3
903,C017,5
903,C013,2
903,C023,5
903,C008,2
903,C011,2
903,C029,2
904,C024,4
904,C014,4
904,C009,1
904,C005,5
904,C003,3
904,C027,5
904,C019,3
904,C008,4
904,C029,3
904,C011,4
904,C025,2
904,C002,4
904,C022,3
904,C018,5
904,C020,5
905,C002,5
905,C010,5
905,C020,4
905,C011,3
905,C017,5
905,C013,5
905,C005,4
905,C018,1
906,C013,5
906,C015,5
906,C010,3
906,C024,4
906,C007,5
906,C020,3
906,C019,3
906,C012,5
907,C017,2
907,C016,2
907,C014,1
907,C021,4
907,C001,2
907,C004,2
907,C022,5
907,C006,5
907,C018,1
907,C025,1
907,C015,3
907,C009,4
907,C012,5
907,C002,5
907,C013,1
908,C003,3
908,C008,2
908,C027,5
908,C024,4
908,C030,5
908,C006,5
908,C013,5
908,C015,5
908,C019,2
908,C009,3
908,C010,5
908,C004,4
908,C012,5
908,C007,2
909,C007,5
909,C015,3
909,C029,5
909,C013,3
909,C002,3
909,C019,2
909,C021,1
909,C004,3
909,C001,5
909,C028,1
909,C005,3
909,C008,4
910,C024,2
910,C028,5
910,C004,2
910,C023,2
910,C010,5
910,C014,3
910,C008,3
910,C009,2
910,C015,3
910,C007,1
910,C017,5
911,C030,5
911,C003,1
911,C025,3
911,C001,4
911,C017,3
911,C014,5
911,C026,2
911,C028,5
911,C006,4
911,C019,1
912,C012,4
912,C013,5
912,C007,1
912,C010,3
912,C022,5
912,C024,2
912,C025,5
912,C008,2
912,C026,2
912,C021,3
912,C018,4
912,C005,4
912,C028,3
913,C011,5
913,C007,3
913,C025,5
913,C005,2
913,C016,4
913,C001,1
913,C006,3
913,C002,4
913,C013,5
913,C029,5
913,C008,3
913,C003,1
913,C020,3
914,C015,3
914,C011,5
914,C027,4
914,C002,1
914,C018,5
914,C006,5
914,C022,5
914,C025,3
914,C003,3
914,C020,4
914,C013,4
914,C008,5
914,C007,4
914,C017,4
915,C027,5
915,C028,3
915,C011,3
915,C007,1
915,C005,3
915,C022,5
915,C003,5
915,C001,4
915,C019,3
916,C022,3
916,C016,2
916,C026,5
916,C001,4
916,C008,5
916,C030,3
916,C021,3
916,C019,2
917,C014,4
917,C006,2
917,C011,1
917,C007,1
917,C005,5
917,C019,4
917,C022,3
917,C018,5
918,C018,5
918,C005,4
918,C022,1
918,C014,1
918,C028,5
918,C016,5
918,C001,1
918,C012,4
918,C008,3
918,C002,3
918,C023,4
919,C005,2
919,C025,3
919,C006,2
919,C021,5
919,C027,1
919,C019,5
919,C017,5
919,C007,4
919,C016,5
919,C001,4
919,C026,4
919,C013,3
919,C023,4
920,C016,3
920,C030,3
920,C013,3
920,C026,5
920,C022,3
920,C014,4
920,C024,2
920,C025,4
920,C002,3
920,C028,5
920,C007,5
920,C021,2
920,C027,3
921,C022,5
921,C007,4
921,C011,1
921,C004,4
921,C006,3
921,C003,3
921,C025,5
921,C028,2
921,C019,3
922,C029,4
922,C019,5
922,C028,4
922,C026,5
922,C002,4
922,C023,4
922,C015,5
922,C009,5
922,C030,5
922,C027,4
922,C024,5
922,C021,5
923,C009,5
923,C012,4
923,C014,3
923,C025,5
923,C004,3
923,C010,5
923,C016,5
923,C020,5
923,C019,3
924,C018,4
924,C025,2
924,C003,4
924,C001,1
924,C013,4
924,C016,1
924,C007,5
924,C009,5
924,C030,5
924,C020,4
924,C004,2
924,C011,3
924,C028,5
924,C010,5
925,C001,4
925,C025,4
925,C005,5
925,C004,5
925,C012,4
925,C027,4
925,C030,4
925,C009,4
925,C010,3
925,C018,5
925,C021,3
926,C005,3
926,C025,3
926,C023,2
926,C020,2
926,C006,4
926,C027,3
926,C022,2
926,C008,5
927,C011,2
927,C004,5
927,C010,3
927,C007,4
927,C001,5
927,C012,3
927,C021,2
927,C005,5
927,C006,1
927,C025,4
928,C012,1
928,C013,4
928,C029,3
928,C004,5
928,C021,2
928,C011,3
928,C023,3
928,C026,1
928,C001,5
929,C027,2
929,C014,4
929,C026,3
929,C003,4
929,C009,3
929,C018,2
929,C020,4
929,C024,4
929,C011,3
930,C004,5
930,C008,5
930,C013,4
930,C017,5
930,C029,3
930,C018,4
930,C016,4
930,C005,1
930,C020,5
930,C030,3
930,C010,5
930,C019,3
931,C006,4
931,C008,4
931,C025,2
931,C030,5
931,C021,4
931,C004,1
931,C023,1
931,C003,5
931,C028,1
931,C027,5
932,C013,4
932,C011,3
932,C030,4
932,C017,3
932,C008,1
932,C007,2
932,C002,4
932,C012,3
932,C001,5
932,C025,2
932,C029,5
933,C004,3
933,C028,3
933,C029,3
933,C027,3
933,C026,5
933,C008,2
933,C022,5
933,C003,4
933,C007,4
933,C013,1
933,C019,3
933,C015,3
933,C016,5
933,C025,5
934,C005,4
934,C006,3
934,C028,4
934,C024,2
934,C017,3
934,C008,5
934,C016,3
934,C012,1
934,C010,2
934,C026,5
934,C003,5
934,C023,3
934,C029,3
934,C007,5
935,C016,5
935,C019,5
935,C023,4
935,C025,2
935,C021,5
935,C026,5
935,C001,3
935,C014,1
935,C002,2
935,C003,1
935,C005,1
935,C015,2
935,C008,2
935,C017,5
936,C030,5
936,C004,2
936,C011,4
936,C025,3
936,C002,3
936,C008,2
936,C013,2
936,C012,5
937,C011,3
937,C024,5
937,C007,4
937,C018,3
937,C023,4
937,C001,2
937,C004,5
937,C006,5
937,C016,1
937,C019,2
937,C029,5
937,C008,5
937,C014,5
938,C024,5
938,C010,4
938,C007,4
938,C019,5
938,C014,5
938,C028,5
938,C016,5
938,C002,5
938,C018,3
938,C023,1
938,C011,1
938,C012,5
938,C027,1
938,C009,4
939,C006,4
939,C014,3
939,C002,2
939,C019,5
939,C029,5
939,C024,2
939,C009,5
939,C005,4
939,C008,5
939,C011,5
939,C023,5
939,C010,5
940,C023,2
940,C013,1
940,C026,3
940,C016,5
940,C029,3
940,C004,4
940,C001,5
940,C006,5
940,C003,3
941,C014,1
941,C025,5
941,C018,1
941,C030,2
941,C004,1
941,C007,4
941,C022,5
941,C016,5
941,C009,5
941,C029,5
941,C002,1
941,C015,5
941,C024,5
941,C019,2
942,C009,4
942,C028,5
942,C010,5
942,C027,5
942,C016,3
942,C008,2
942,C029,4
942,C007,5
942,C018,3
943,C010,4
943,C003,5
943,C020,5
943,C028,4
943,C016,5
943,C024,3
943,C029,5
943,C017,5
943,C027,3
944,C019,5
944,C010,4
944,C021,2
944,C013,3
944,C004,2
944,C020,4
944,C003,3
944,C025,4
944,C007,1
945,C019,5
945,C016,1
945,C015,2
945,C024,5
945,C011,2
945,C003,2
945,C007,1
945,C029,5
945,C009,5
945,C013,3
945,C021,4
945,C023,4
945,C017,5
945,C012,2
946,C002,2
946,C005,5
946,C007,5
946,C030,2
946,C019,2
946,C025,3
946,C021,3
946,C016,2
946,C020,1
946,C001,5
947,C030,5
947,C009,5
947,C004,5
947,C021,4
947,C016,4
947,C006,5
947,C024,4
947,C001,4
947,C028,4
947,C010,5
947,C005,4
947,C012,5
947,C022,5
948,C014,4
948,C002,3
948,C021,3
948,C007,4
948,C018,2
948,C019,2
948,C024,5
948,C022,4
948,C027,4
948,C028,5
948,C010,3
949,C024,2
949,C023,5
949,C026,1
949,C004,4
949,C012,2
949,C020,5
949,C002,1
949,C010,2
949,C007,2
949,C022,1
949,C016,5
950,C015,5
950,C004,3
950,C021,3
950,C023,5
950,C022,2
950,C025,5
950,C026,3
950,C030,5
950,C002,5
951,C026,4
951,C028,5
951,C020,3
951,C006,2
951,C013,4
951,C004,2
951,C029,5
951,C002,2
951,C001,2
952,C011,3
952,C015,5
952,C008,3
952,C018,2
952,C004,5
952,C027,5
952,C028,5
952,C017,4
953,C020,3
953,C009,5
953,C030,5
953,C025,4
953,C010,5
953,C004,2
953,C024,2
953,C006,5
953,C001,3
953,C003,5
953,C023,4
953,C011,2
953,C002,1
953,C028,5
953,C018,1
954,C012,5
954,C027,5
954,C002,2
954,C003,2
954,C025,1
954,C019,4
954,C022,5
954,C008,5
954,C005,3
954,C017,1
954,C007,5
954,C029,5
955,C009,2
955,C016,5
955,C020,4
955,C012,5
955,C029,4
955,C013,1
955,C018,5
955,C002,1
955,C024,4
955,C004,2
955,C022,5
956,C027,3
956,C007,3
956,C009,3
956,C006,4
956,C029,1
956,C020,5
956,C018,5
956,C003,4
956,C015,3
956,C019,3
956,C025,5
956,C012,2
957,C020,5
957,C002,2
957,C009,3
957,C010,3
957,C027,5
957,C015,3
957,C004,5
957,C016,5
957,C014,5
957,C003,4
957,C029,4
958,C012,2
958,C002,3
958,C018,2
958,C011,2
958,C030,5
958,C001,4
958,C027,5
958,C009,2
958,C024,5
958,C021,5
959,C019,3
959,C029,5
959,C010,5
959,C021,5
959,C013,2
959,C015,5
959,C030,5
959,C022,4
959,C006,5
959,C002,5
959,C007,3
960,C025,4
960,C002,2
960,C009,4
960,C018,3
960,C014,5
960,C015,4
960,C003,2
960,C026,3
960,C005,1
960,C030,5
960,C010,5
960,C011,4
960,C017,4
961,C022,2
961,C001,5
961,C015,3
961,C020,4
961,C002,3
961,C013,2
961,C019,5
961,C027,5
961,C007,4
961,C005,1
961,C006,1
961,C003,4
961,C012,4
961,C024,1
962,C009,1
962,C016,4
962,C015,4
962,C030,1
962,C019,1
962,C028,5
962,C024,3
962,C001,4
962,C018,3
962,C008,5
962,C027,3
962,C021,2
962,C017,2
962,C020,2
963,C021,3
963,C001,2
963,C025,5
963,C009,1
963,C018,4
963,C014,5
963,C026,3
963,C003,2
963,C005,2
964,C021,3
964,C028,4
964,C001,5
964,C004,4
964,C010,4
964,C012,2
964,C030,2
964,C019,4
964,C006,5
964,C015,3
964,C008,4
964,C003,5
964,C020,4
964,C007,2
964,C025,3
965,C028,3
965,C011,2
965,C027,5
965,C002,4
965,C004,4
965,C014,1
965,C021,2
965,C013,4
966,C004,5
966,C006,2
966,C002,5
966,C018,5
966,C017,2
966,C020,5
966,C015,5
966,C027,3
966,C009,4
966,C001,5
966,C008,3
966,C023,3
967,C001,2
967,C027,4
967,C018,1
967,C009,5
967,C005,2
967,C014,5
967,C024,4
967,C029,2
967,C023,4
967,C021,4
967,C008,4
968,C018,5
968,C029,1
968,C024,5
968,C008,2
968,C013,2
968,C022,5
968,C016,5
968,C002,5
969,C013,3
969,C025,4
969,C010,5
969,C015,1
969,C005,2
969,C001,5
969,C026,5
969,C019,3
969,C006,5
969,C012,4
970,C020,4
970,C012,5
970,C016,3
970,C009,5
970,C019,4
970,C003,4
970,C017,2
970,C013,5
970,C025,1
970,C026,4
970,C004,2
970,C018,2
970,C022,5
971,C028,2
971,C005,5
971,C023,4
971,C012,3
971,C015,3
971,C024,1
971,C013,4
971,C011,2
972,C029,2
972,C003,2
972,C018,4
972,C019,4
972,C005,3
972,C025,1
972,C030,5
972,C002,4
972,C008,5
972,C009,2
972,C001,5
972,C026,3
973,C004,1
973,C008,5
973,C030,3
973,C019,3
973,C029,5
973,C015,1
973,C001,5
973,C021,4
973,C006,2
973,C012,3
974,C027,3
974,C005,5
974,C020,1
974,C021,5
974,C009,5
974,C001,5
974,C007,4
974,C003,3
974,C023,5
975,C025,1
975,C003,2
975,C028,3
975,C011,3
975,C014,1
975,C030,1
975,C017,4
975,C026,5
975,C015,4
975,C001,4
975,C006,4
976,C009,5
976,C007,3
976,C020,5
976,C010,3
976,C026,5
976,C004,3
976,C029,1
976,C027,4
976,C011,4
976,C024,5
976,C002,1
976,C017,3
976,C023,5
976,C021,5
977,C005,5
977,C019,5
977,C011,2
977,C002,5
977,C007,5
977,C018,4
977,C020,5
977,C010,4
977,C022,4
977,C026,5
978,C009,5
978,C006,3
978,C022,3
978,C001,2
978,C018,5
978,C017,5
978,C021,5
978,C012,4
978,C015,4
978,C019,4
978,C029,5
978,C003,2
978,C004,4
978,C023,5
979,C015,4
979,C026,5
979,C017,3
979,C010,1
979,C022,5
979,C027,4
979,C006,2
979,C025,4
979,C013,3
979,C009,4
979,C012,5
979,C023,4
980,C010,3
980,C008,2
980,C002,5
980,C022,2
980,C028,4
980,C019,1
980,C025,5
980,C011,2
980,C012,4
980,C027,5
980,C006,5
980,C014,4
980,C007,4
981,C017,4
981,C001,4
981,C005,5
981,C028,2
981,C014,3
981,C012,4
981,C020,2
981,C026,2
981,C008,4
981,C007,4
981,C023,2
981,C011,5
982,C006,2
982,C008,4
982,C005,5
982,C026,3
982,C015,2
982,C011,5
982,C021,3
982,C027,3
982,C007,3
982,C009,5
983,C018,3
983,C009,3
983,C022,2
983,C025,2
983,C008,5
983,C010,5
983,C026,5
983,C030,5
983,C011,4
983,C013,5
984,C012,4
984,C007,4
984,C008,3
984,C013,2
984,C022,5
984,C024,1
984,C026,5
984,C018,3
984,C020,5
984,C029,5
984,C027,5
984,C010,4
984,C015,2
984,C021,5
984,C023,5
985,C002,5
985,C030,4
985,C004,4
985,C028,2
985,C021,2
985,C007,2
985,C009,5
985,C017,4
985,C019,1
985,C008,5
986,C030,1
986,C025,4
986,C002,1
986,C013,1
986,C001,4
986,C018,3
986,C019,3
986,C029,5
986,C027,2
986,C026,3
987,C016,2
987,C023,5
987,C003,2
987,C024,5
987,C025,5
987,C013,2
987,C007,2
987,C006,3
987,C008,2
987,C004,4
987,C030,2
988,C029,3
988,C015,2
988,C012,3
988,C027,3
988,C028,3
988,C010,5
988,C023,5
988,C019,1
989,C019,3
989,C011,5
989,C021,2
989,C006,5
989,C005,1
989,C024,5
989,C010,4
989,C028,4
989,C026,2
989,C020,1
990,C001,5
990,C027,4
990,C009,4
990,C015,1
990,C020,1
990,C002,5
990,C003,3
990,C010,1
990,C021,3
990,C016,5
990,C012,5
990,C023,4
990,C029,5
991,C028,2
991,C013,1
991,C012,2
991,C029,5
991,C011,3
991,C030,5
991,C015,2
991,C007,2
992,C028,4
992,C001,2
992,C016,4
992,C027,4
992,C007,5
992,C022,3
992,C020,5
992,C021,1
992,C006,3
992,C012,5
992,C026,2
992,C015,4
992,C013,4
992,C019,5
993,C017,5
993,C003,5
993,C026,2
993,C008,3
993,C004,4
993,C023,5
993,C028,5
993,C013,5
993,C022,2
993,C030,5
993,C011,1
994,C004,5
994,C020,1
994,C028,3
994,C022,3
994,C007,5
994,C016,4
994,C017,5
994,C013,4
994,C014,1
995,C015,4
995,C029,5
995,C011,5
995,C021,4
995,C027,1
995,C008,5
995,C030,5
995,C002,3
995,C012,5
995,C005,4
996,C012,5
996,C030,4
996,C006,4
996,C018,4
996,C028,4
996,C029,1
996,C017,2
996,C023,3
996,C025,3
996,C007,5
997,C029,1
997,C005,2
997,C025,5
997,C013,5
997,C022,1
997,C016,2
997,C023,5
997,C012,1
997,C024,2
998,C020,3
998,C017,4
998,C018,2
998,C023,2
998,C009,2
998,C027,5
998,C004,2
998,C016,1
998,C005,5
998,C008,3
998,C014,4
998,C011,5
998,C012,5
998,C028,4
999,C022,2
999,C009,5
999,C025,5
999,C008,5
999,C001,5
999,C024,5
999,C002,3
999,C005,2
999,C016,4
1000,C016,5
1000,C027,3
1000,C030,5
1000,C002,5
1000,C009,1
1000,C003,5
1000,C022,4
1000,C013,5
1000,C010,4
1000,C006,1
1000,C001,5
1000,C028,4
1000,C020,5
1000,C011,1
1000,C015,4
